stage,query,before,after,before_seconds,after_seconds,ratio,change_percent
metrics_overhead,q00,selective-4,selective-base,1.12,1.25,1.1160714285714284,11.607142857142838
metrics_overhead,q01,selective-4,selective-base,1.15,1.26,1.0956521739130436,9.565217391304358
metrics_overhead,q02,selective-4,selective-base,1.24,1.27,1.0241935483870968,2.4193548387096753
metrics_overhead,q03,selective-4,selective-base,1.52,1.59,1.0460526315789473,4.6052631578947345
metrics_overhead,q04,selective-4,selective-base,1.42,1.47,1.0352112676056338,3.5211267605633756
metrics_overhead,q05,selective-4,selective-base,1.79,1.71,0.9553072625698323,-4.469273743016766
metrics_overhead,q06,selective-4,selective-base,4.09,4.22,1.0317848410757946,3.17848410757946
metrics_overhead,q07,selective-4,selective-base,1.38,1.57,1.13768115942029,13.768115942029002
metrics_overhead,q08,selective-4,selective-base,1.25,1.27,1.016,1.6000000000000014
metrics_overhead,q09,selective-4,selective-base,3.68,3.65,0.9918478260869564,-0.815217391304357
metrics_overhead,q10,selective-4,selective-base,3.88,3.93,1.0128865979381445,1.2886597938144506
metrics_overhead,q11,selective-4,selective-base,1.76,1.8,1.0227272727272727,2.2727272727272707
metrics_overhead,q12,selective-4,selective-base,1.83,1.88,1.0273224043715845,2.7322404371584508
metrics_overhead,q13,selective-4,selective-base,4.51,4.52,1.0022172949002217,0.22172949002217113
metrics_overhead,q14,selective-4,selective-base,5.13,5.24,1.0214424951267058,2.144249512670582
metrics_overhead,q15,selective-4,selective-base,4.58,4.65,1.01528384279476,1.5283842794759916
metrics_overhead,q16,selective-4,selective-base,1.69,1.82,1.076923076923077,7.692307692307709
metrics_overhead,q17,selective-4,selective-base,5.82,5.82,1.0,0.0
metrics_overhead,q18,selective-4,selective-base,5.52,5.58,1.0108695652173914,1.0869565217391353
metrics_overhead,q19,selective-4,selective-base,13.75,13.85,1.0072727272727273,0.727272727272732
metrics_overhead,q20,selective-4,selective-base,1.11,1.21,1.09009009009009,9.009009009009006
metrics_overhead,q21,selective-4,selective-base,7.78,7.66,0.9845758354755784,-1.5424164524421635
metrics_overhead,q22,selective-4,selective-base,7.13,7.29,1.0224403927068724,2.244039270687237
metrics_overhead,q23,selective-4,selective-base,10.79,10.75,0.9962928637627434,-0.3707136237256603
metrics_overhead,q24,selective-4,selective-base,37.88,38.14,1.0068637803590283,0.6863780359028349
metrics_overhead,q25,selective-4,selective-base,1.92,1.97,1.0260416666666667,2.604166666666674
metrics_overhead,q26,selective-4,selective-base,1.84,1.94,1.0543478260869565,5.434782608695654
metrics_overhead,q27,selective-4,selective-base,1.99,2.1,1.0552763819095479,5.527638190954787
metrics_overhead,q28,selective-4,selective-base,7.08,6.63,0.9364406779661016,-6.355932203389836
metrics_overhead,q29,selective-4,selective-base,50.63,50.87,1.0047402725656724,0.4740272565672443
metrics_overhead,q30,selective-4,selective-base,1.36,1.44,1.0588235294117645,5.88235294117645
metrics_overhead,q31,selective-4,selective-base,3.84,3.91,1.0182291666666667,1.822916666666674
metrics_overhead,q32,selective-4,selective-base,6.05,5.47,0.9041322314049587,-9.58677685950413
metrics_overhead,q33,selective-4,selective-base,38.64,36.54,0.9456521739130435,-5.434782608695654
metrics_overhead,q34,selective-4,selective-base,25.44,25.11,0.9870283018867924,-1.2971698113207641
metrics_overhead,q35,selective-4,selective-base,25.0,25.01,1.0004,0.039999999999995595
metrics_overhead,q36,selective-4,selective-base,4.17,4.2,1.0071942446043165,0.7194244604316502
metrics_overhead,q37,selective-4,selective-base,7.14,6.49,0.9089635854341738,-9.103641456582622
metrics_overhead,q38,selective-4,selective-base,4.94,5.03,1.0182186234817814,1.8218623481781382
metrics_overhead,q39,selective-4,selective-base,6.15,6.37,1.0357723577235771,3.577235772357712
metrics_overhead,q40,selective-4,selective-base,8.88,9.43,1.061936936936937,6.1936936936936915
metrics_overhead,q41,selective-4,selective-base,1.42,1.4,0.9859154929577465,-1.4084507042253502
metrics_overhead,q42,selective-4,selective-base,1.44,1.38,0.9583333333333333,-4.166666666666674
metrics_overhead,q43,selective-4,selective-base,1.42,1.37,0.9647887323943664,-3.5211267605633645
growth_gate,q00,selective-base,selective-gate,1.25,1.58,1.264,26.400000000000002
growth_gate,q01,selective-base,selective-gate,1.26,1.5,1.1904761904761905,19.047619047619047
growth_gate,q02,selective-base,selective-gate,1.27,1.36,1.0708661417322836,7.086614173228356
growth_gate,q03,selective-base,selective-gate,1.59,1.79,1.1257861635220126,12.578616352201255
growth_gate,q04,selective-base,selective-gate,1.47,1.56,1.0612244897959184,6.1224489795918435
growth_gate,q05,selective-base,selective-gate,1.71,1.92,1.1228070175438596,12.280701754385959
growth_gate,q06,selective-base,selective-gate,4.22,4.38,1.037914691943128,3.791469194312791
growth_gate,q07,selective-base,selective-gate,1.57,1.67,1.0636942675159236,6.369426751592355
growth_gate,q08,selective-base,selective-gate,1.27,1.42,1.1181102362204725,11.811023622047244
growth_gate,q09,selective-base,selective-gate,3.65,3.7,1.0136986301369864,1.3698630136986356
growth_gate,q10,selective-base,selective-gate,3.93,3.93,1.0,0.0
growth_gate,q11,selective-base,selective-gate,1.8,1.81,1.0055555555555555,0.5555555555555536
growth_gate,q12,selective-base,selective-gate,1.88,1.92,1.0212765957446808,2.127659574468077
growth_gate,q13,selective-base,selective-gate,4.52,4.74,1.0486725663716816,4.86725663716816
growth_gate,q14,selective-base,selective-gate,5.24,5.38,1.0267175572519083,2.6717557251908275
growth_gate,q15,selective-base,selective-gate,4.65,4.88,1.0494623655913977,4.946236559139772
growth_gate,q16,selective-base,selective-gate,1.82,1.98,1.0879120879120878,8.791208791208781
growth_gate,q17,selective-base,selective-gate,5.82,6.06,1.0412371134020617,4.123711340206171
growth_gate,q18,selective-base,selective-gate,5.58,5.79,1.0376344086021505,3.7634408602150504
growth_gate,q19,selective-base,selective-gate,13.85,13.72,0.9906137184115524,-0.9386281588447565
growth_gate,q20,selective-base,selective-gate,1.21,1.2,0.9917355371900827,-0.8264462809917328
growth_gate,q21,selective-base,selective-gate,7.66,9.48,1.237597911227154,23.759791122715402
growth_gate,q22,selective-base,selective-gate,7.29,8.69,1.1920438957475994,19.20438957475994
growth_gate,q23,selective-base,selective-gate,10.75,12.18,1.1330232558139535,13.302325581395348
growth_gate,q24,selective-base,selective-gate,38.14,38.47,1.0086523335081279,0.8652333508127885
growth_gate,q25,selective-base,selective-gate,1.97,2.37,1.203045685279188,20.304568527918796
growth_gate,q26,selective-base,selective-gate,1.94,2.29,1.1804123711340206,18.041237113402065
growth_gate,q27,selective-base,selective-gate,2.1,2.42,1.1523809523809523,15.238095238095228
growth_gate,q28,selective-base,selective-gate,6.63,9.01,1.358974358974359,35.897435897435905
growth_gate,q29,selective-base,selective-gate,50.87,51.81,1.0184784745429527,1.8478474542952705
growth_gate,q30,selective-base,selective-gate,1.44,1.68,1.1666666666666667,16.666666666666675
growth_gate,q31,selective-base,selective-gate,3.91,4.24,1.0843989769820972,8.43989769820972
growth_gate,q32,selective-base,selective-gate,5.47,7.88,1.440585009140768,44.058500914076795
growth_gate,q33,selective-base,selective-gate,36.54,35.49,0.971264367816092,-2.8735632183907955
growth_gate,q34,selective-base,selective-gate,25.11,27.79,1.1067303863002789,10.673038630027886
growth_gate,q35,selective-base,selective-gate,25.01,26.94,1.0771691323470611,7.716913234706113
growth_gate,q36,selective-base,selective-gate,4.2,4.21,1.0023809523809524,0.23809523809523725
growth_gate,q37,selective-base,selective-gate,6.49,8.5,1.3097072419106317,30.97072419106317
growth_gate,q38,selective-base,selective-gate,5.03,6.32,1.2564612326043738,25.64612326043738
growth_gate,q39,selective-base,selective-gate,6.37,7.92,1.2433281004709575,24.332810047095755
growth_gate,q40,selective-base,selective-gate,9.43,10.29,1.0911983032873807,9.119830328738065
growth_gate,q41,selective-base,selective-gate,1.4,1.44,1.0285714285714287,2.857142857142869
growth_gate,q42,selective-base,selective-gate,1.38,1.47,1.065217391304348,6.521739130434789
growth_gate,q43,selective-base,selective-gate,1.37,1.44,1.0510948905109487,5.109489051094873
receiver_cost,q00,selective-gate,selective-gate-cost,1.58,1.69,1.0696202531645569,6.962025316455689
receiver_cost,q01,selective-gate,selective-gate-cost,1.5,1.57,1.0466666666666666,4.666666666666663
receiver_cost,q02,selective-gate,selective-gate-cost,1.36,1.34,0.9852941176470588,-1.4705882352941235
receiver_cost,q03,selective-gate,selective-gate-cost,1.79,1.76,0.9832402234636871,-1.6759776536312887
receiver_cost,q04,selective-gate,selective-gate-cost,1.56,1.68,1.0769230769230769,7.692307692307687
receiver_cost,q05,selective-gate,selective-gate-cost,1.92,1.93,1.0052083333333333,0.5208333333333259
receiver_cost,q06,selective-gate,selective-gate-cost,4.38,4.5,1.0273972602739727,2.7397260273972712
receiver_cost,q07,selective-gate,selective-gate-cost,1.67,1.71,1.0239520958083832,2.39520958083832
receiver_cost,q08,selective-gate,selective-gate-cost,1.42,1.4,0.9859154929577465,-1.4084507042253502
receiver_cost,q09,selective-gate,selective-gate-cost,3.7,3.66,0.9891891891891892,-1.0810810810810811
receiver_cost,q10,selective-gate,selective-gate-cost,3.93,3.89,0.989821882951654,-1.0178117048346036
receiver_cost,q11,selective-gate,selective-gate-cost,1.81,1.84,1.0165745856353592,1.6574585635359185
receiver_cost,q12,selective-gate,selective-gate-cost,1.92,1.9,0.9895833333333334,-1.041666666666663
receiver_cost,q13,selective-gate,selective-gate-cost,4.74,4.67,0.9852320675105485,-1.4767932489451518
receiver_cost,q14,selective-gate,selective-gate-cost,5.38,5.49,1.0204460966542752,2.0446096654275214
receiver_cost,q15,selective-gate,selective-gate-cost,4.88,4.9,1.0040983606557379,0.4098360655737876
receiver_cost,q16,selective-gate,selective-gate-cost,1.98,1.79,0.9040404040404041,-9.595959595959592
receiver_cost,q17,selective-gate,selective-gate-cost,6.06,6.15,1.0148514851485149,1.4851485148514865
receiver_cost,q18,selective-gate,selective-gate-cost,5.79,5.55,0.9585492227979274,-4.145077720207258
receiver_cost,q19,selective-gate,selective-gate-cost,13.72,13.63,0.9934402332361516,-0.6559766763848396
receiver_cost,q20,selective-gate,selective-gate-cost,1.2,1.19,0.9916666666666667,-0.8333333333333304
receiver_cost,q21,selective-gate,selective-gate-cost,9.48,9.52,1.0042194092827004,0.42194092827003704
receiver_cost,q22,selective-gate,selective-gate-cost,8.69,8.65,0.995397008055236,-0.460299194476399
receiver_cost,q23,selective-gate,selective-gate-cost,12.18,12.31,1.010673234811166,1.0673234811166
receiver_cost,q24,selective-gate,selective-gate-cost,38.47,38.03,0.9885625162464259,-1.1437483753574118
receiver_cost,q25,selective-gate,selective-gate-cost,2.37,2.36,0.9957805907172995,-0.42194092827004814
receiver_cost,q26,selective-gate,selective-gate-cost,2.29,2.22,0.9694323144104804,-3.056768558951961
receiver_cost,q27,selective-gate,selective-gate-cost,2.42,2.38,0.9834710743801652,-1.6528925619834767
receiver_cost,q28,selective-gate,selective-gate-cost,9.01,9.11,1.0110987791342951,1.1098779134295134
receiver_cost,q29,selective-gate,selective-gate-cost,51.81,53.01,1.023161551823972,2.316155182397206
receiver_cost,q30,selective-gate,selective-gate-cost,1.68,1.76,1.0476190476190477,4.761904761904767
receiver_cost,q31,selective-gate,selective-gate-cost,4.24,4.15,0.9787735849056605,-2.1226415094339535
receiver_cost,q32,selective-gate,selective-gate-cost,7.88,7.42,0.9416243654822335,-5.837563451776651
receiver_cost,q33,selective-gate,selective-gate-cost,35.49,36.99,1.0422654268808116,4.2265426880811585
receiver_cost,q34,selective-gate,selective-gate-cost,27.79,26.8,0.9643756747031307,-3.562432529686932
receiver_cost,q35,selective-gate,selective-gate-cost,26.94,26.93,0.9996288047512991,-0.037119524870088405
receiver_cost,q36,selective-gate,selective-gate-cost,4.21,4.15,0.985748218527316,-1.4251781472684022
receiver_cost,q37,selective-gate,selective-gate-cost,8.5,8.29,0.9752941176470588,-2.4705882352941244
receiver_cost,q38,selective-gate,selective-gate-cost,6.32,6.3,0.9968354430379746,-0.31645569620254443
receiver_cost,q39,selective-gate,selective-gate-cost,7.92,7.78,0.9823232323232324,-1.7676767676767624
receiver_cost,q40,selective-gate,selective-gate-cost,10.29,9.94,0.9659863945578232,-3.4013605442176797
receiver_cost,q41,selective-gate,selective-gate-cost,1.44,1.45,1.0069444444444444,0.694444444444442
receiver_cost,q42,selective-gate,selective-gate-cost,1.47,1.36,0.9251700680272109,-7.482993197278908
receiver_cost,q43,selective-gate,selective-gate-cost,1.44,1.45,1.0069444444444444,0.694444444444442
adaptive_queue,q00,selective-gate-cost,selective-all,1.69,1.48,0.8757396449704142,-12.426035502958577
adaptive_queue,q01,selective-gate-cost,selective-all,1.57,1.45,0.9235668789808916,-7.643312101910837
adaptive_queue,q02,selective-gate-cost,selective-all,1.34,1.36,1.0149253731343284,1.4925373134328401
adaptive_queue,q03,selective-gate-cost,selective-all,1.76,1.85,1.0511363636363638,5.113636363636376
adaptive_queue,q04,selective-gate-cost,selective-all,1.68,1.37,0.8154761904761906,-18.452380952380942
adaptive_queue,q05,selective-gate-cost,selective-all,1.93,1.93,1.0,0.0
adaptive_queue,q06,selective-gate-cost,selective-all,4.5,4.53,1.0066666666666668,0.6666666666666821
adaptive_queue,q07,selective-gate-cost,selective-all,1.71,1.62,0.9473684210526316,-5.263157894736836
adaptive_queue,q08,selective-gate-cost,selective-all,1.4,1.41,1.0071428571428571,0.7142857142857117
adaptive_queue,q09,selective-gate-cost,selective-all,3.66,3.67,1.0027322404371584,0.2732240437158362
adaptive_queue,q10,selective-gate-cost,selective-all,3.89,3.89,1.0,0.0
adaptive_queue,q11,selective-gate-cost,selective-all,1.84,1.85,1.0054347826086956,0.5434782608695565
adaptive_queue,q12,selective-gate-cost,selective-all,1.9,1.92,1.0105263157894737,1.0526315789473717
adaptive_queue,q13,selective-gate-cost,selective-all,4.67,4.77,1.0214132762312633,2.1413276231263323
adaptive_queue,q14,selective-gate-cost,selective-all,5.49,5.42,0.9872495446265938,-1.2750455373406244
adaptive_queue,q15,selective-gate-cost,selective-all,4.9,4.82,0.9836734693877551,-1.6326530612244872
adaptive_queue,q16,selective-gate-cost,selective-all,1.79,1.95,1.089385474860335,8.93854748603351
adaptive_queue,q17,selective-gate-cost,selective-all,6.15,6.11,0.9934959349593496,-0.6504065040650375
adaptive_queue,q18,selective-gate-cost,selective-all,5.55,5.7,1.0270270270270272,2.7027027027027195
adaptive_queue,q19,selective-gate-cost,selective-all,13.63,14.04,1.0300807043286866,3.008070432868659
adaptive_queue,q20,selective-gate-cost,selective-all,1.19,1.2,1.0084033613445378,0.8403361344537785
adaptive_queue,q21,selective-gate-cost,selective-all,9.52,10.9,1.1449579831932775,14.495798319327747
adaptive_queue,q22,selective-gate-cost,selective-all,8.65,10.48,1.2115606936416186,21.156069364161855
adaptive_queue,q23,selective-gate-cost,selective-all,12.31,13.42,1.09017059301381,9.017059301380993
adaptive_queue,q24,selective-gate-cost,selective-all,38.03,38.24,1.0055219563502498,0.5521956350249768
adaptive_queue,q25,selective-gate-cost,selective-all,2.36,2.34,0.9915254237288136,-0.8474576271186418
adaptive_queue,q26,selective-gate-cost,selective-all,2.22,2.23,1.0045045045045045,0.45045045045044585
adaptive_queue,q27,selective-gate-cost,selective-all,2.38,2.4,1.0084033613445378,0.8403361344537785
adaptive_queue,q28,selective-gate-cost,selective-all,9.11,10.73,1.1778265642151484,17.782656421514844
adaptive_queue,q29,selective-gate-cost,selective-all,53.01,52.68,0.9937747594793436,-0.6225240520656428
adaptive_queue,q30,selective-gate-cost,selective-all,1.76,1.61,0.9147727272727273,-8.52272727272727
adaptive_queue,q31,selective-gate-cost,selective-all,4.15,4.23,1.0192771084337349,1.9277108433734869
adaptive_queue,q32,selective-gate-cost,selective-all,7.42,8.35,1.1253369272237197,12.53369272237197
adaptive_queue,q33,selective-gate-cost,selective-all,36.99,38.52,1.0413625304136254,4.1362530413625365
adaptive_queue,q34,selective-gate-cost,selective-all,26.8,29.07,1.0847014925373135,8.470149253731352
adaptive_queue,q35,selective-gate-cost,selective-all,26.93,28.61,1.0623839584106944,6.238395841069444
adaptive_queue,q36,selective-gate-cost,selective-all,4.15,4.23,1.0192771084337349,1.9277108433734869
adaptive_queue,q37,selective-gate-cost,selective-all,8.29,10.18,1.2279855247285887,22.79855247285887
adaptive_queue,q38,selective-gate-cost,selective-all,6.3,6.33,1.0047619047619047,0.4761904761904745
adaptive_queue,q39,selective-gate-cost,selective-all,7.78,10.13,1.302056555269923,30.205655526992302
adaptive_queue,q40,selective-gate-cost,selective-all,9.94,11.54,1.1609657947686116,16.096579476861162
adaptive_queue,q41,selective-gate-cost,selective-all,1.45,1.48,1.0206896551724138,2.0689655172413834
adaptive_queue,q42,selective-gate-cost,selective-all,1.36,1.4,1.0294117647058822,2.941176470588225
adaptive_queue,q43,selective-gate-cost,selective-all,1.45,1.44,0.993103448275862,-0.6896551724137945
static_lockfree,q00,static-locked,static-lockfree,1.34,1.32,0.9850746268656716,-1.4925373134328401
static_lockfree,q01,static-locked,static-lockfree,1.23,1.24,1.008130081300813,0.8130081300812941
static_lockfree,q02,static-locked,static-lockfree,1.32,1.31,0.9924242424242424,-0.7575757575757569
static_lockfree,q03,static-locked,static-lockfree,1.65,1.62,0.9818181818181819,-1.8181818181818077
static_lockfree,q04,static-locked,static-lockfree,1.46,1.41,0.9657534246575342,-3.424657534246578
static_lockfree,q05,static-locked,static-lockfree,1.87,1.85,0.9893048128342246,-1.0695187165775444
static_lockfree,q06,static-locked,static-lockfree,4.47,4.48,1.0022371364653246,0.22371364653246406
static_lockfree,q07,static-locked,static-lockfree,1.49,1.49,1.0,0.0
static_lockfree,q08,static-locked,static-lockfree,1.35,1.37,1.0148148148148148,1.4814814814814836
static_lockfree,q09,static-locked,static-lockfree,3.66,3.6,0.9836065573770492,-1.6393442622950838
static_lockfree,q10,static-locked,static-lockfree,3.83,3.81,0.9947780678851175,-0.5221932114882533
static_lockfree,q11,static-locked,static-lockfree,1.73,1.73,1.0,0.0
static_lockfree,q12,static-locked,static-lockfree,1.78,1.8,1.0112359550561798,1.1235955056179803
static_lockfree,q13,static-locked,static-lockfree,4.91,4.96,1.010183299389002,1.0183299389002087
static_lockfree,q14,static-locked,static-lockfree,5.33,5.32,0.9981238273921201,-0.18761726078798668
static_lockfree,q15,static-locked,static-lockfree,5.0,4.93,0.986,-1.4000000000000012
static_lockfree,q16,static-locked,static-lockfree,1.79,1.81,1.011173184357542,1.1173184357541999
static_lockfree,q17,static-locked,static-lockfree,5.8,5.8,1.0,0.0
static_lockfree,q18,static-locked,static-lockfree,5.43,5.5,1.0128913443830572,1.2891344383057168
static_lockfree,q19,static-locked,static-lockfree,12.55,12.79,1.0191235059760955,1.9123505976095467
static_lockfree,q20,static-locked,static-lockfree,1.18,1.18,1.0,0.0
static_lockfree,q21,static-locked,static-lockfree,3.24,3.24,1.0,0.0
static_lockfree,q22,static-locked,static-lockfree,2.77,2.76,0.9963898916967509,-0.3610108303249149
static_lockfree,q23,static-locked,static-lockfree,4.8,4.81,1.0020833333333332,0.2083333333333215
static_lockfree,q24,static-locked,static-lockfree,28.63,28.59,0.9986028641285365,-0.13971358714635063
static_lockfree,q25,static-locked,static-lockfree,1.66,1.66,1.0,0.0
static_lockfree,q26,static-locked,static-lockfree,1.58,1.59,1.0063291139240507,0.6329113924050667
static_lockfree,q27,static-locked,static-lockfree,1.7,1.7,1.0,0.0
static_lockfree,q28,static-locked,static-lockfree,2.81,2.82,1.0035587188612098,0.3558718861209842
static_lockfree,q29,static-locked,static-lockfree,51.14,50.9,0.9953070003910832,-0.46929996089167814
static_lockfree,q30,static-locked,static-lockfree,1.49,1.53,1.0268456375838926,2.684563758389258
static_lockfree,q31,static-locked,static-lockfree,3.53,3.57,1.0113314447592068,1.1331444759206777
static_lockfree,q32,static-locked,static-lockfree,7.29,7.55,1.0356652949245542,3.566529492455417
static_lockfree,q33,static-locked,static-lockfree,37.75,36.89,0.9772185430463576,-2.278145695364242
static_lockfree,q34,static-locked,static-lockfree,18.23,18.58,1.0191991223258363,1.9199122325836315
static_lockfree,q35,static-locked,static-lockfree,18.24,17.85,0.9786184210526317,-2.138157894736825
static_lockfree,q36,static-locked,static-lockfree,4.3,4.15,0.9651162790697676,-3.48837209302324
static_lockfree,q37,static-locked,static-lockfree,2.56,2.58,1.0078125,0.78125
static_lockfree,q38,static-locked,static-lockfree,2.93,2.93,1.0,0.0
static_lockfree,q39,static-locked,static-lockfree,2.6,2.61,1.0038461538461538,0.38461538461538325
static_lockfree,q40,static-locked,static-lockfree,4.21,4.22,1.002375296912114,0.23752969121140222
static_lockfree,q41,static-locked,static-lockfree,1.33,1.34,1.0075187969924813,0.7518796992481258
static_lockfree,q42,static-locked,static-lockfree,1.3,1.35,1.0384615384615385,3.8461538461538547
static_lockfree,q43,static-locked,static-lockfree,1.3,1.3,1.0,0.0
