query,mode,total_weight,growbuffer_stack_percent,register_update_stack_percent,selective_claim_stack_percent,metrics_trace_stack_percent,static_getbuffer_stack_percent,mutex_stack_percent,unknown_stack_percent
q00,dynamic,48566622052,0.0,0.0,0.0,0.0,0.0,0.036044821032141565,82.93190805585657
q00,legacy,48716883344,0.0,0.0,0.0,0.0,0.0,0.04768596512211235,82.97594462799016
q00,selective-4,51755568266,0.0,0.0,0.0,0.0,0.0,1.1168262534172984,84.03531562529864
q00,selective-all,51194611708,0.0,0.0,0.31209671812987355,0.13474792306945102,0.0,2.1146108797048093,84.66430714861121
q00,selective-base,55658835005,0.0,0.0,0.16055142906238054,0.16055142906238054,0.0,1.8631345929300231,84.70550677851006
q00,selective-gate-cost,52342994126,0.0,0.035320340971508754,0.11861298161612162,0.22468988441297558,0.0,1.638943465738569,85.4572027124087
q00,selective-gate,60005577793,0.0,0.0,0.0,0.026838268361576677,0.0,1.0115321147208538,86.73176302965493
q00,static-locked,107508114712,0.0,0.0,0.0,0.0,0.03149277251368344,0.0004181600628048413,92.68527131271307
q00,static-lockfree,108336934315,0.0,0.0,0.0,0.0,0.0,0.006176882373782906,92.37987238406009
q01,dynamic,39201297257,0.0,0.0,0.0,0.0,0.0,0.42554637645368165,80.10685366386063
q01,legacy,39851127566,0.0,0.0,0.0,0.0,0.0,0.12790671459817934,81.9262488568954
q01,selective-4,42809356866,0.0,0.0,0.0650529137524091,0.0,0.0,1.5036220095874215,80.80636878120018
q01,selective-all,45161248206,0.0,0.0,0.06543713731117329,0.061911785237781125,0.0,2.0723059662369154,84.85146220539784
q01,selective-base,48079871648,0.0,0.08098441752312724,0.1686496224317042,0.29052127888908463,0.0,1.4175458557580216,84.31255022846187
q01,selective-gate-cost,46330909980,0.0,0.0,0.28167836560157283,0.3131032286277577,0.0,1.2497482657904835,84.34884399825035
q01,selective-gate,46230514529,0.0,0.0,0.2608802178144583,0.17700059762187986,0.0,1.5572952482464464,84.67812691429887
q01,static-locked,99350175802,0.0,0.0,0.0,0.0,0.016041869952764756,0.03503594303584441,92.7395418178467
q01,static-lockfree,99558283650,0.0,0.0,0.0,0.0,0.0,0.02378972108766361,92.80479485646497
q02,dynamic,33580743326,0.0,0.0,0.0,0.0,0.0,0.25804996083248405,82.9939913611786
q02,legacy,33900582330,0.0,0.0,0.0,0.0,0.0,0.12124301759745022,81.34283103920947
q02,selective-4,34243788711,0.0,0.0,0.0,0.0,0.0,0.6172609543409001,81.21204979011763
q02,selective-all,36165451770,0.0,0.0,0.07044954992414851,0.06606114075925451,0.0,0.6386519860691899,84.52920459121366
q02,selective-base,36808724908,0.0,0.0,0.08045571280727397,0.23803484966945218,0.0,0.34077111693901224,82.62893843516346
q02,selective-gate-cost,35545594175,0.0,0.008149400979875447,0.09711048246951973,0.13022258053167007,0.0,0.4400969589362618,83.44146408406465
q02,selective-gate,35406829021,0.0,0.0,0.2588785822803717,0.16142878529478016,0.0,0.40311944883667755,83.76211089225177
q02,static-locked,90356993711,0.0,0.0,0.0,0.0,0.019687946963904274,0.015374569725540566,93.97823446472455
q02,static-lockfree,94314627558,0.0,0.0,0.0,0.0,0.045403186238175144,0.018113348313329506,94.0419570988134
q03,dynamic,75264856449,0.0,0.0,0.0,0.0,0.0,0.0027177358683810756,53.1528991490311
q03,legacy,74839057361,0.0,0.0,0.0,0.0,0.0,0.010094400258890508,51.40739363460888
q03,selective-4,78717750985,0.0,0.0,0.0,0.0,0.0,0.6902928401797759,54.09048957091466
q03,selective-all,77417670421,0.0,0.0,0.15582681491701972,0.17314256715691623,0.0,0.6585914265145543,54.40903194185252
q03,selective-base,81279638447,0.0,0.0,0.18603164813361808,0.12105368562159446,0.0,0.6574336613817984,54.750439778368026
q03,selective-gate-cost,78971922490,0.0,0.0,0.17008806771420412,0.07544814045465946,0.0,0.7503681603737541,53.55240671056886
q03,selective-gate,79350519972,0.0,0.0,0.07898928453413664,0.14455949128055703,0.0,0.6800294102551668,54.4135925640258
q03,static-locked,136398887296,0.0,0.0,0.0,0.0,0.03566445882687679,0.012028792408250936,72.91422830757693
q03,static-lockfree,136976919227,0.0,0.0,0.0,0.0,0.04346102857032685,0.01609430123294417,73.01172643200084
q04,dynamic,54694876461,0.0,6.572827717351922e-06,0.0,0.0,0.0,0.0732074896056323,67.85266759028616
q04,legacy,54997563432,0.0,0.0,0.0,0.0,0.0,0.03007066671316822,70.46749721361365
q04,selective-4,59986087255,0.0,0.0,0.027744096609022946,0.0,0.0,0.8783095149385403,71.95727609888765
q04,selective-all,57928211655,0.0,0.0,0.02261430765033687,0.07098182185372351,0.0,1.302403451522536,71.56031244306847
q04,selective-base,61218064630,0.0,0.0,0.08227770724936752,0.16232768481103158,0.0,1.074346410614386,70.76488970997383
q04,selective-gate-cost,57920426405,0.0,0.0,0.11981518836679221,0.16552547684925836,0.0,0.9207138553696219,70.21113238815771
q04,selective-gate,59059774303,0.0,0.0,0.14095497990376057,0.11458098985075629,0.0,1.3856009418553297,70.85944286257494
q04,static-locked,115755181398,0.0,0.0,0.0,0.0,0.021201328271966257,0.027474989556320197,84.69043907843059
q04,static-lockfree,113773703820,0.0,0.0,0.0,0.0,0.01286120738685819,0.03864455803386713,84.60412482069444
q05,dynamic,111813298500,0.0,0.0,0.0,0.0,0.0,0.029276823454054527,89.72200515129245
q05,legacy,111100327570,0.0,0.0,0.0,0.0,0.0,0.12846337911116926,90.53686456561003
q05,selective-4,111715282943,0.0,0.0,0.0,0.0,0.0,0.5507457939429157,89.62298283851199
q05,selective-all,116481387562,0.0,0.0,0.0,0.0,0.0,0.5100534698590938,90.48910087192837
q05,selective-base,113430319908,0.0,0.0,0.054450678663424935,0.012238844967782632,0.0,0.4317838867044025,90.2154550749731
q05,selective-gate-cost,115740760915,0.0,0.0,0.05100629418131729,0.0749768882751085,0.0,0.6286538020381218,90.6130198530672
q05,selective-gate,113711908690,0.0,0.0,0.038308233061811955,0.05775566671652884,0.0,0.39180627704931015,89.28204699630392
q05,static-locked,172046140890,0.0,0.0,0.0,0.0,0.011428695173448595,0.09646727159437653,93.62633580255019
q05,static-lockfree,172748646717,0.0,0.0,0.0,0.0,0.011711454986471423,0.07318383234984772,93.34424936952718
q06,dynamic,345779104587,0.8147222870406825,0.8147222870406825,0.0,0.0,0.0,0.15274093113024284,73.8785524524735
q06,legacy,357412908009,0.0,0.0,0.0,0.0,0.0,0.12523737055090597,72.2412234788393
q06,selective-4,350514567673,0.6262265302045195,0.6262265302045195,0.004387430200717619,0.0,0.0,0.1980933587467227,73.08480558331239
q06,selective-all,345374280112,0.8014292972546766,0.805728358839455,0.02923328916306643,0.021379376013771233,0.0,0.26298618551023994,72.70285312402903
q06,selective-base,350375420566,0.5273679534983069,0.540308341247755,0.008086918584136992,0.016992364619590958,0.0,0.2499880909411589,72.43509478975933
q06,selective-gate-cost,345142993164,0.8800356383178092,0.8800356383178092,0.01750651590695608,0.00427230692555112,0.0,0.2471640429897561,72.4885145639097
q06,selective-gate,343861579754,0.6835678119903877,0.6835678119903877,0.014959893756319429,0.011749119523298542,0.0,0.3267761172399281,72.90392737227103
q06,static-locked,412226963623,0.0,0.0,0.0,0.0,0.008334524917545461,0.1650306845580741,76.96911407429756
q06,static-lockfree,416664228398,0.0,0.0,0.0,0.0,0.004555471217910558,0.1343298557574679,76.45927647277944
q07,dynamic,56647911210,0.0,0.00966842004058423,0.0,0.0,0.0,0.06687888077559356,66.21428398118688
q07,legacy,56419152081,0.0,0.0,0.0,0.0,0.0,0.06524125167133775,66.38283643155414
q07,selective-4,62312365414,0.0,0.0,0.0,0.0,0.0,1.380393846847523,71.30163767786894
q07,selective-all,65888443116,0.0,0.0,0.13832256870836335,0.13225012290332896,0.0,1.1643020501325394,72.42416952998565
q07,selective-base,63038024736,0.0,0.0,0.01848374064510599,0.10151826816910622,0.0,1.0268676655255786,70.70983231418491
q07,selective-gate-cost,60916968599,0.0,0.0,0.09256910561522211,0.1524670960096407,0.0,0.9173475960016393,69.68044526381243
q07,selective-gate,59919265716,0.0,0.0,0.08925338179790053,0.0,0.0,0.8032011010967509,68.46710249495808
q07,static-locked,117544935750,0.0,0.0,0.0,0.0,0.010984857763215035,0.0029385783215250087,84.07489959855629
q07,static-lockfree,118761073026,0.0,0.0,0.0,0.0,0.010625804969981443,0.024642409549123032,83.48562811679356
q08,dynamic,35996147869,0.0,0.0,0.0,0.0,0.0,0.3785145885494584,84.0626805932738
q08,legacy,35013277083,0.0,0.0,0.0,0.0,0.0,0.08936222086789922,81.39634624728508
q08,selective-4,36681095630,0.0,0.0,0.0,0.0,0.0,0.5416546032433764,83.12209056281125
q08,selective-all,36672071076,0.0,0.0,0.2691348486848684,0.10786176193328449,0.0,0.5712749944387678,85.38167512849199
q08,selective-base,38388182848,0.0,0.0,0.23909264828559565,0.16860956470976118,0.0,0.5247980786110483,82.75142515544997
q08,selective-gate-cost,37885644264,0.0,0.0,0.11498761825569782,0.08827430983344461,0.0,0.7708578530826485,84.77581792774023
q08,selective-gate,36743209717,0.0,0.0,0.2921690533484647,0.4744577524465485,0.0,0.721917965368371,83.31028673261838
q08,static-locked,96100003542,0.0,0.0,0.0,0.0,0.051690565212403936,0.0,93.8335871846143
q08,static-lockfree,96939714123,0.0,0.0,0.0,0.0,0.035113336477153825,0.0734844017691389,92.77482705167354
q09,dynamic,296565417826,0.0,0.0,0.0,0.0,0.0,0.22095810320826656,83.97326694514108
q09,legacy,296594320282,0.0,0.0,0.0,0.0,0.0,0.27096095239986057,83.5918327610829
q09,selective-4,296796435322,0.0,0.0,0.0,0.0,0.0,0.3843192135250857,83.80802339763217
q09,selective-all,299823374954,0.0,0.0,0.0581694212556836,0.03408711612818049,0.0,0.29183615658193585,83.59415780022265
q09,selective-base,298119407962,0.0,0.0,0.02019377450517198,0.0,0.0,0.24285695283961037,84.35110753274185
q09,selective-gate-cost,293175367126,0.0,0.0,0.02316778270488482,0.026733294740385213,0.0,0.2808950953393271,83.95870278051432
q09,selective-gate,297705371440,0.0,0.0,0.02566660138861484,0.031959488517047364,0.0,0.3539645226765345,83.72506482780578
q09,static-locked,357641283966,0.0,0.0,0.0,0.0,0.011271018142254558,0.21197701271871963,86.54461199994606
q09,static-lockfree,357145855741,0.0,0.0,0.0,0.0,0.010157651115601442,0.22659231263399401,86.68589980630112
q10,dynamic,400920407595,0.0,0.0,0.0,0.0,0.0,0.2919535034451057,84.0914224944045
q10,legacy,401279223273,0.0,0.0,0.0,0.0,0.0,0.17465946437081784,84.1192866308342
q10,selective-4,402527699464,0.0,0.033780555271367356,0.0,0.0,0.0,0.2677439546235222,84.2406365545849
q10,selective-all,401353288074,0.0,0.009304166705397694,0.024200196157877708,0.0,0.0,0.3387768854529242,84.24434989272075
q10,selective-base,403409709660,0.0,0.019524804216136577,0.04259143220543969,0.043380166567505915,0.0,0.3474761775519531,84.2398377665266
q10,selective-gate-cost,403166620013,0.0,0.007208521379836181,0.02655941282950143,0.020101113529038404,0.0,0.31838249380829453,84.52566075113353
q10,selective-gate,402431405476,0.0,0.0,0.03636996069600457,0.013626052354224191,0.0,0.3365256596706556,84.39883831289497
q10,static-locked,462095355637,0.0,0.0,0.0,0.0,0.08052835837032692,0.14847663726336394,86.53737436589401
q10,static-lockfree,458632965406,0.0,0.0,0.0,0.0,0.018500855891352364,0.17402309803296984,86.40679558744505
q11,dynamic,182555608702,0.1589485626123198,0.1589485626123198,0.0,0.0,0.0,0.07231505015849655,92.40785787654184
q11,legacy,184888101401,0.0,0.0,0.0,0.0,0.0,0.0902329061393551,90.67702040564804
q11,selective-4,186508360338,0.11554344138217888,0.11554344138217888,0.01855576711804313,0.0,0.0,0.3198091377346544,90.7200082550543
q11,selective-all,184885218011,0.125368784748497,0.125368784748497,0.06388369998999746,0.061910412974816545,0.0,0.23812662944952476,90.83697179620273
q11,selective-base,186477761117,0.11769226243675247,0.11769226243675247,0.05898639727392797,0.04657327795002283,0.0,0.38954828213763704,91.24813770326193
q11,selective-gate-cost,184392876806,0.2692329913168566,0.2692329913168566,0.07767697130225552,0.0772803008816462,0.0,0.4084131356073594,91.02761070678102
q11,selective-gate,187782879583,0.24154433301227454,0.24154433301227454,0.06144317695852681,0.03160351579003723,0.0,0.4779082406196334,91.51163355658595
q11,static-locked,243883184475,0.0,0.0,0.0,0.0,0.0,0.059787930567614424,93.3095011051602
q11,static-lockfree,242658731963,0.0,0.0,0.0,0.0,0.014086718299184092,0.025298192034301215,93.07674587265147
q12,dynamic,195231388345,0.1774644702048359,0.20117128415127544,0.0,0.0,0.0,0.027587411766402763,92.38031111077689
q12,legacy,193787285074,0.0,0.0,0.0,0.0,0.0,0.10886671224040248,91.84099044941863
q12,selective-4,194203665486,0.04941650599633935,0.04941650599633935,0.0,0.0,0.0,0.3305429757947983,92.06963693632741
q12,selective-all,195463148177,0.12999827198623806,0.1460120419945138,0.04765722534850749,0.07884457834499069,0.0,0.36431308901009096,92.33956336544777
q12,selective-base,201535729460,0.13071632941010916,0.13071632941010916,0.031241058927219366,0.0,0.0,0.380215611918127,91.92771111177638
q12,selective-gate-cost,195916438765,0.18352528315976813,0.18352528315976813,0.0456664344064135,0.023508124326026614,0.0,0.38937745949692204,91.9052339589417
q12,selective-gate,198363956376,0.05141930261093574,0.05141930261093574,0.10985523982338016,0.053054010377024806,0.0,0.3590921440636189,91.80609793182843
q12,static-locked,255361943465,0.0,0.0,0.0,0.0,0.0,0.05800043890263552,94.46278543657073
q12,static-lockfree,255003485872,0.0,0.0,0.0,0.0,0.011864062130972594,0.03786878233047843,94.6602264563415
q13,dynamic,345164464953,0.8169179789072295,0.8169179789072295,0.0,0.0,0.0,0.16197905223996048,79.39160039064683
q13,legacy,364361970543,0.0,0.0,0.0,0.0,0.0,0.1606670095475601,78.67561828332177
q13,selective-4,348035511899,0.5580819064704129,0.5580819064704129,0.0,0.0,0.0,0.2633807035949867,80.01817647901929
q13,selective-all,342829873971,0.8079357542319376,0.8079357542319376,0.010170340932117659,0.025881147687702832,0.0,0.27342256587571845,79.44868749828964
q13,selective-base,350931280323,0.5951658490168258,0.5951658490168258,0.007950043374395512,0.004998730516086825,0.0,0.3416156356585202,79.0614204933888
q13,selective-gate-cost,343417442555,0.7517064228869392,0.7517064228869392,0.019151784635827437,0.032737776847777386,0.0,0.26118887332181623,79.9081999936711
q13,selective-gate,345529985264,0.7583186946852206,0.7583186946852206,0.0,0.015489950303186142,0.0,0.23300062609179298,79.87504735547911
q13,static-locked,418298344551,0.0,0.0,0.0,0.0,0.004480170969865053,0.16589372179917727,82.05365046338419
q13,static-lockfree,416621024339,0.0,0.0,0.0,0.0,0.010685175831111502,0.17837429764353685,82.1398655699012
q14,dynamic,402809803143,0.5907822271036391,0.5990422711096158,0.0,0.0,0.0,0.1871771826596625,80.18415961895958
q14,legacy,418749546331,0.0,0.0,0.0,0.0,0.0,0.12912537977356875,79.98721163013329
q14,selective-4,411090828744,0.5340657731790968,0.5432059170044407,0.006833153900763102,0.0,0.0,0.2420071012140089,80.1773172892295
q14,selective-all,400929167364,0.711264985720282,0.7240355494925892,0.02516677638182231,0.02211432896811517,0.0,0.2809337211371806,80.2874849007315
q14,selective-base,405381300758,0.5438198485913991,0.5679620428211286,0.01960039988312953,0.003290850361142794,0.0,0.34161709418035374,80.63116355732635
q14,selective-gate-cost,397860501557,0.6674115408813899,0.7217278962758797,0.03119652981742848,0.017103039314962324,0.0,0.24080119671360323,80.73023070926375
q14,selective-gate,400669616111,0.7092909486335213,0.7460407881719423,0.011588650632080023,0.01231369462922584,0.0,0.23424207408329942,80.37321870290901
q14,static-locked,473017757946,0.0,0.0,0.0,0.0,0.0028256123106324966,0.20384980834273012,82.67495001543779
q14,static-lockfree,474176161354,0.0,0.0,0.0,0.0,0.011037388900056417,0.17209334747446098,82.10221023750668
q15,dynamic,357906381794,0.7760960900101407,0.7760960900101407,0.0,0.0,0.0,0.16144957742960453,84.70582597308757
q15,legacy,367497921932,0.0,0.0,0.0,0.0,0.0,0.17641106447398075,84.09734927757937
q15,selective-4,360467470751,0.6047728308072171,0.6170092281465123,0.0,0.0,0.0,0.2296058885079588,84.3022179168873
q15,selective-all,355803657721,0.6883949588063599,0.6898229151777315,0.03158527844256254,0.03373852696425355,0.0,0.298538952298496,85.05661493432649
q15,selective-base,359425891441,0.644492479858049,0.6757960013013474,0.0280290945641397,0.023881566143125258,0.0,0.27488371665127564,84.55433113417959
q15,selective-gate-cost,361289711589,0.8938522311628216,0.9062622086855154,0.00783215272739074,0.00916345772881067,0.0,0.2959025548494333,85.11548822204621
q15,selective-gate,357473413779,0.8050656767944133,0.8189244486891613,0.010161494421640235,0.004925815549149077,0.0,0.2934234190765487,84.77559450403047
q15,static-locked,428901040566,0.0,0.0,0.0,0.0,0.004201959961723783,0.08089002268265949,85.67629807450972
q15,static-lockfree,425303542489,0.0,0.0,0.0,0.0,0.009969205464846701,0.14895319171163143,85.56259146475647
q16,dynamic,118909777166,0.0,0.0,0.0,0.0,0.0,0.16387573809676415,84.11660684164468
q16,legacy,118005746715,0.0,0.0,0.0,0.0,0.0,0.05193632997214834,84.87799724440734
q16,selective-4,120242600517,0.0,0.0,0.0,0.0,0.0,0.5027921530310926,84.47682533333013
q16,selective-all,120240885763,0.0,0.0,0.08083259232768232,0.052528316470066685,0.0,0.4207401806712853,84.9404844699073
q16,selective-base,122253739194,0.0,0.0,0.08755763030702741,0.09578697451059004,0.0,0.2995831427444593,84.88679254408703
q16,selective-gate-cost,119103626992,0.0,0.0,0.12400512455420053,0.10320979142663454,0.0,0.33878069811182365,85.10573767397399
q16,selective-gate,119650241917,0.0,0.0,0.08744790342553738,0.0790088256282652,0.0,0.5178669654757819,85.78287080622853
q16,static-locked,177728250093,0.0,0.0,0.0,0.0,0.0,0.010197933637739595,90.52023156634704
q16,static-lockfree,175589616870,0.0,0.0,0.0,0.0,0.009518169296065849,0.04093803396884193,89.66183665550133
q17,dynamic,519175264524,0.5320563319850355,0.5408711903049824,0.0,0.0,0.0,0.2024917801050982,78.95021810983292
q17,legacy,544724363550,0.0,0.0,0.0,0.0,0.0,0.2275992329258466,78.53983342544767
q17,selective-4,521007142162,0.4070920813481883,0.41040080201724966,0.0,0.0,0.0,0.2414482662905327,78.89031936479628
q17,selective-all,515431356035,0.5362078318751581,0.5362078318751581,0.0068688973973861,0.003468249028835978,0.0,0.27693535216415366,78.95763214129425
q17,selective-base,517460887027,0.4018385385505482,0.4018385385505482,0.017780774026926443,0.010732955744556998,0.0,0.248126947019477,78.65235821017016
q17,selective-gate-cost,515750496602,0.5424126075362371,0.5511984592801604,0.018226383031976216,0.02016066599742694,0.0,0.20790665662266314,78.79026127968719
q17,selective-gate,517322357927,0.5273409291513665,0.5410268982410672,0.008497187165106624,0.0,0.0,0.2314581314053634,79.1142187233194
q17,static-locked,600602547386,0.0,0.0,0.0,0.0,0.013118021617275032,0.15520532522831734,80.68736694111068
q17,static-lockfree,599922775951,0.0,0.0,0.0,0.0,0.027651019539479696,0.166732498597736,80.74991299089592
q18,dynamic,463527638783,0.6631139707375588,0.6702979389012327,0.0,0.0,0.0,0.2050899688518995,81.29370972469829
q18,legacy,489359942743,0.0,0.0,0.0,0.0,0.0,0.12422717899475966,80.6278789206524
q18,selective-4,469195789745,0.43894568664380207,0.45913291787438865,0.0,0.0,0.0,0.23117221013204087,81.09612526356963
q18,selective-all,455864746200,0.657045477187637,0.6926074194855123,0.007928748011618013,0.010735601383514048,0.0,0.32125536537047533,81.40605986521885
q18,selective-base,465649725525,0.45974364283933505,0.4855205071689922,0.013540763269840005,0.025911258911183913,0.0,0.26636037111406174,81.19065756277405
q18,selective-gate-cost,463508682367,0.5609109712299751,0.571292175472855,0.002695493844084573,0.0,0.0,0.23466329356453905,81.50383678161198
q18,selective-gate,461424169387,0.5721450526762066,0.6025748654852181,0.026476673981404575,0.0204125089773968,0.0,0.16932363838633635,81.03593087326792
q18,static-locked,546284162542,0.0,0.0,0.0,0.0,0.007321236042043427,0.1405826644188967,82.75436210458383
q18,static-lockfree,546281363675,0.0,0.0,0.0,0.0,0.012631084380365394,0.13047028956016674,82.52983766351252
q19,dynamic,1149970485795,0.23360133926766558,0.23812580816862441,0.0,0.0,0.0,0.14188886237997522,75.67396598438715
q19,legacy,1182626383706,0.0,0.0,0.0,0.0,0.0,0.1641909229113496,73.86143567385122
q19,selective-4,1225165261717,0.19193689026935384,0.20876011775061176,0.0,0.0,0.0,0.40896560150408284,75.77038266225591
q19,selective-all,1190909948615,0.24284693409131647,0.24596160594733196,0.0072974361412522825,0.005063614093587097,0.0,0.28366995530844535,76.53994417042853
q19,selective-base,1180685972459,0.1851046909152546,0.19220192141977893,0.002661225315869593,0.003964068015691214,0.0,0.21242737641545878,75.77723796316795
q19,selective-gate-cost,1217131738159,0.22939519038614223,0.2308555835747124,0.013452102666195625,0.009391341004129477,0.0,0.31904417510906447,76.28383068191002
q19,selective-gate,1189843518266,0.21662522864824119,0.2292345004303529,0.015080053573892483,0.012047676505302706,0.0,0.18758971425526658,76.03678400378882
q19,static-locked,1292355652468,0.0,0.0,0.0,0.0,0.009018449432044861,0.2671052532178617,76.260968536941
q19,static-lockfree,1274232657730,0.0,0.0,0.0,0.0,0.0198550922757474,0.22480073679032656,75.3279541584615
q20,dynamic,27293456289,0.0,0.0,0.0,0.0,0.0,0.054607495812125574,80.31682700748622
q20,legacy,27397486990,0.0,0.0,0.0,0.0,0.0,0.07752068285588408,84.48570485843672
q20,selective-4,26925771549,0.0,0.0,0.0,0.0,0.0,0.3529043460354585,83.29931894498671
q20,selective-all,27556667821,0.0,0.0,0.1410156817668162,0.10766905923723295,0.0,0.08630958269154367,84.36726553448844
q20,selective-base,27934726549,0.0,0.0,0.4663532852970187,0.29960586101744413,0.0,0.24408112920096156,83.94236133247355
q20,selective-gate-cost,28001470729,0.0,0.0,0.16759188991954752,0.16922789327249127,0.0,0.07240821454067989,82.30990350849724
q20,selective-gate,27390169361,0.0,0.0,0.15728527426099548,0.26942310588657775,0.0,0.08370784312362106,81.86767083276379
q20,static-locked,87267305248,0.0,0.0,0.0,0.0,0.02620065090244552,0.05355784261605942,94.47320199553138
q20,static-lockfree,84444431239,0.0,0.0,0.0,0.0,0.04817631477066689,0.008013498226837171,94.60892701957417
q21,dynamic,373782798017,6.3035720503992785,6.324700708116803,0.0,0.0,0.0,0.0003132824747988381,50.89919629028705
q21,legacy,415130660024,0.0,0.0,0.0,0.0,0.0,0.015784061335342426,54.98304868154139
q21,selective-4,378461650429,3.8695880566497207,3.8788795143073562,0.0,0.0,0.0,0.09116202886313973,51.312148321466886
q21,selective-all,370148934410,5.966192847265801,6.00520085960282,0.02493835275985227,0.0,0.0,0.1684713341114924,51.165680026305495
q21,selective-base,376895884063,3.921101395877729,3.958736869492052,0.015509019724457727,0.0,0.0,0.1138479477075626,50.000245479597716
q21,selective-gate-cost,368919878903,5.325148921607825,5.340650251915656,0.03633507454209184,0.03055033421759141,0.0,0.1517716967881849,50.61208688434318
q21,selective-gate,371678527567,5.175788824263522,5.235331658886947,0.0259548127871364,0.0044490100378529835,0.0,0.08578772389333743,50.5297078551693
q21,static-locked,430644733727,0.0,0.0,0.0,0.0,0.013646454350293952,0.0062902178706711635,56.26493448184212
q21,static-lockfree,431249031974,0.0,0.0,0.0,0.0,0.0,0.014398757190426268,57.26362329084336
q22,dynamic,293696490725,8.153160770116655,8.171964532076382,0.0,0.0,0.0,0.03126403579877163,88.62788913937916
q22,legacy,346000472623,0.0,0.0,0.0,0.0,0.0,0.008810731895507108,88.53663622355312
q22,selective-4,302227531024,5.017149332697915,5.017149332697915,0.0,0.0,0.0,0.2393955066067575,88.59361062733147
q22,selective-all,289856513883,7.332772369083051,7.34732685103512,0.02847172757804985,0.027825986354254022,0.0,0.11172065124978119,88.38954652004674
q22,selective-base,296769794282,5.19619005003816,5.19619005003816,0.010872577203507218,0.02236670957723072,0.0,0.1133657213376334,87.84009050169404
q22,selective-gate-cost,292960932605,6.452270996995518,6.489957091185032,0.02263148038560976,0.017590602112631474,0.0,0.19645895269456043,88.62428686560263
q22,selective-gate,291034840639,6.705044309868456,6.792878266943403,0.01264002822453498,0.03222798438635841,0.0,0.11992347384721672,88.52938990166854
q22,static-locked,359106120017,0.0,0.0,0.0,0.0,0.016409458295283407,0.0022219281586240503,89.32796386812184
q22,static-lockfree,352336315285,0.0,0.0,0.0,0.0,0.01501897553682365,0.011084843743231008,89.17198435473784
q23,dynamic,422149608875,7.640303389585842,7.74786980453767,0.0,0.0,0.0,0.031586247907547584,91.429786131174
q23,legacy,526917180731,0.0,0.0,0.0,0.0,0.0,0.017926913460850576,92.07938498530257
q23,selective-4,436051890352,5.150862283584865,5.259233723190031,0.007824662329168482,0.0,0.0,0.05063664781312128,91.2822540316673
q23,selective-all,418008577117,6.183910400184163,6.320015171508211,0.007925625409051599,0.015805603429402227,0.0,0.14324483749346692,91.37970989913103
q23,selective-base,433694666939,4.478882820510246,4.701963271747632,0.015918800544003568,0.011803983747672053,0.0,0.09550323685632431,91.03722949019631
q23,selective-gate-cost,419073984996,5.724888505839607,5.848809200416951,0.021085827840361754,0.012213251557595142,0.0,0.10737115476263573,91.43719440581775
q23,selective-gate,425764719666,5.744257418788908,5.904000575885988,0.008348776532702126,0.013173820283653506,0.0,0.07863958508883878,91.13240499362705
q23,static-locked,498473901234,0.0,0.0,0.0,0.0,0.027864108162163937,0.011969582129033306,91.44137743653447
q23,static-lockfree,500741907202,0.0,0.0,0.0,0.0,0.024485060115118383,0.026829924771166306,91.693063681163
q24,dynamic,3505808478386,1.7887787280060117,1.9372742910151102,0.0,0.0,0.0,0.004185426497329734,91.44506395166582
q24,legacy,3698691034640,0.0,0.0,0.0,0.0,0.0,0.0010463932412177546,91.7175443789179
q24,selective-4,3484015966498,1.3631076738932408,1.4828184077160904,0.0029092569315025893,0.0,0.0,0.01670547812055597,91.561254694779
q24,selective-all,3512101922138,1.5745267035227901,1.7462039237650073,0.0065816795219679645,0.005177665968455195,0.0,0.01755048807424047,91.45263153814575
q24,selective-base,3501250514217,1.3309945475130245,1.4673211264772674,0.0016853485279157833,0.0016745171692780592,0.0,0.020659874552328823,91.586411738125
q24,selective-gate-cost,3476294637235,1.5486761490338141,1.678658588140127,0.0032649064835964152,0.003425494338843353,0.0,0.01691182213679137,91.49456252988453
q24,selective-gate,3511374929807,1.533833244516566,1.6935251470929795,0.0024075069934114523,0.0008175157188804616,0.0,0.009042023860933902,91.61941915458813
q24,static-locked,3545648091231,0.0,0.0,0.0,0.0,0.12040699503028768,0.008728595366398898,91.64569813519878
q24,static-lockfree,3533076775431,0.0,0.0,0.0,0.0,0.12032283367183291,0.00026937594637577584,91.54417665046196
q25,dynamic,172623557915,1.5844100921305009,1.6100269896931003,0.0,0.0,0.0,0.29748523851701775,95.36900071719275
q25,legacy,175899904376,0.0,0.0,0.0,0.0,0.0,0.3698423380659678,94.64579165838079
q25,selective-4,174513843282,0.8129122213574699,0.836782539732549,0.0,0.0,0.0,0.5116036362555363,95.06569687592905
q25,selective-all,173006025333,1.631070302649018,1.631070302649018,0.028474912885362542,0.0,0.0,0.4686574172427641,95.5503333937748
q25,selective-base,179749194570,0.9874354492914266,1.0479361787996466,0.03213607445540166,0.033438185435981614,0.0,0.43802795772382747,95.2914605596722
q25,selective-gate-cost,177161874175,1.5427110820131964,1.5308536955987528,0.015987067269350872,0.04030034584612398,0.0,0.4898170145472836,95.42878531528721
q25,selective-gate,174002590015,1.867569227400503,1.867569227400503,0.10645576768945315,0.06361894095395773,0.0,0.6547308318237047,95.35903993365625
q25,static-locked,235086994782,0.0,0.0,0.0,0.0,0.012175858144149305,0.19327368594818978,96.7018308366271
q25,static-lockfree,230582159718,0.0,0.0,0.0,0.0,0.03839085474273561,0.22312106349823482,95.92706423407358
q26,dynamic,162393960324,1.9156733869863252,1.9480063339107314,0.0,0.0,0.0,0.3060395731518782,94.7671824081107
q26,legacy,163597225771,0.0,0.0,0.0,0.0,0.0,0.2745955824634972,92.99590794342726
q26,selective-4,162777862003,1.1003553584989274,1.0921765282598654,0.0,0.0,0.0,0.563023511749472,94.10641645678871
q26,selective-all,161371277073,1.6011449161619786,1.6011449161619786,0.07228264293107978,0.13920935006195506,0.0,0.6478950039708966,93.58104824174245
q26,selective-base,165658194001,1.2455487954839979,1.2455487954839979,0.05517918721210265,0.016609370979762044,0.0,0.576288133380373,93.34691123402355
q26,selective-gate-cost,165638257599,1.6343242975627288,1.6343242975627288,0.04573962990085051,0.02498020602231317,0.0,0.38901301145049605,93.96036391893294
q26,selective-gate,162049303689,2.0223218640231995,2.0223218640231995,0.0,0.013315168599187674,0.0,0.5096382583568363,93.23077142185548
q26,static-locked,223032572612,0.0,0.0,0.0,0.0,0.0,0.10239642502680454,94.79954831881092
q26,static-lockfree,222211205643,0.0,0.0,0.0,0.0,0.011975888849977225,0.2985894226531331,95.30926632307377
q27,dynamic,176769996468,1.4975426135052357,1.5338997104584136,0.0,0.0,0.0,0.16048059776442536,95.1118760753247
q27,legacy,178856355519,0.0,0.0,0.0,0.0,0.0,0.21747208751476563,94.78117048012396
q27,selective-4,180133531299,1.111130684868282,1.111130684868282,0.0,0.0,0.0,0.4590094831525629,94.73266992015458
q27,selective-all,181910464958,1.5319892264820694,1.5692470131716083,0.014763967540955308,0.03155640881532225,0.0,0.47457304020377317,94.9287054710514
q27,selective-base,183244689020,1.0256789012831167,1.0507773984051698,0.0875538624655524,0.04273867822245711,0.0,0.5128767376703751,94.88964133853946
q27,selective-gate-cost,179656008915,1.7787322897237032,1.8566419654675428,0.04611430950756407,0.022624659896141274,0.0,0.48330698775058,94.92475318356095
q27,selective-gate,180065812195,1.5587311565620654,1.5765898159088911,0.05016040241008505,0.03362708793073234,0.0,0.558683693332395,95.5269606901961
q27,static-locked,242155245519,0.0,0.0,0.0,0.0,0.046270156469193094,0.23861837259051344,95.38914731577684
q27,static-lockfree,237058501114,0.0,0.0,0.0,0.0,0.02047534333166905,0.28504907135772534,95.59320495830848
q28,dynamic,288799612345,8.47186252756187,8.536372936176075,0.0,0.0,0.0,0.00010322382276742041,89.15332671687281
q28,legacy,350556134156,0.0,0.0,0.0,0.0,0.0,0.018385725058035433,90.8142420467045
q28,selective-4,292595502284,5.061334585938306,5.07753942662447,0.009696945707819074,0.0,0.0,0.199078589196705,88.92772775483242
q28,selective-all,281033010415,7.701508998547443,7.752736293799132,0.01767834352506664,0.0,0.0,0.19244210785109025,88.81114101273504
q28,selective-base,299285681470,4.912749319908184,4.921183325797147,0.044610442552489145,0.004331495224337837,0.0,0.10776684284254008,89.5779059697092
q28,selective-gate-cost,286856516439,6.31105306016283,6.372791670182401,0.04368204967260907,0.022348508514232267,0.0,0.13451598443365143,88.07893947520908
q28,selective-gate,289137219153,5.911525561832067,5.936220161928577,0.029638385279846406,0.038622165740934265,0.0,0.12303754080575582,89.02617027446402
q28,static-locked,362342517949,0.0,0.0,0.0,0.0,0.04551313876535232,0.002052479527408584,91.57040581080824
q28,static-lockfree,360966264945,0.0,0.0,0.0,0.0,0.03368642801524058,0.01147806928891622,91.5754063627986
q29,dynamic,5884825389976,0.14948312772345274,0.15366113047980984,0.0,0.0,0.0,0.0769718910728543,86.71129384531851
q29,legacy,5816594975633,0.0,0.0,0.0,0.0,0.0,0.05874337380054822,87.56041479007644
q29,selective-4,5912831644483,0.12186096004818722,0.12499855058271733,0.0,0.0,0.0,0.13294525000275612,86.56190478268768
q29,selective-all,5817259048855,0.1466376338987173,0.1504906217082273,0.0019208503706224624,0.0009860999917356414,0.0,0.10392163704983884,87.58524878265222
q29,selective-base,5898486760797,0.11941631444889862,0.12247028973620874,0.0009348142707800115,0.0014020186592539866,0.0,0.09259589281950022,86.41126424459928
q29,selective-gate-cost,5895714613313,0.1527275519691435,0.15448364896146077,0.0009385808443822354,0.0013952950472576194,0.0,0.1191525866794369,86.53909604199718
q29,selective-gate,5816182739282,0.14125006271749596,0.14448528285129852,0.002781009989723391,0.0022784969788683016,0.0,0.015405202091545861,87.00238102721093
q29,static-locked,5839485383555,0.0,0.0,0.0,0.0,0.0008251044199149538,0.012440587316921018,87.96010248254133
q29,static-lockfree,5959484496453,0.0,0.0,0.0,0.0,0.0009116850128956199,0.05562810333633939,86.55897607588788
q30,dynamic,56533891267,0.0,0.0,0.0,0.0,0.0,0.01763839844829622,67.6265862214172
q30,legacy,57143266388,0.0,0.0,0.0,0.0,0.0,0.08035364427407397,64.65005484838369
q30,selective-4,58436662371,0.0,0.0,0.0,0.0,0.0,0.7990738657102556,65.14108157363025
q30,selective-all,60485342788,0.0,0.0,0.07249722987219255,0.14193624280332648,0.0,1.2988738242810536,68.28488809390394
q30,selective-base,61321332558,0.0,0.0,0.15378835401334887,0.1275601160917616,0.0,0.9516865447240922,67.88359874539177
q30,selective-gate-cost,61547270481,0.0,0.0,0.17199174418738591,0.15635873247979074,0.0,1.1687079254344097,69.75376146738013
q30,selective-gate,60218125260,0.0,0.0,0.08516651884887988,0.12732870820694825,0.0,1.8235592245005072,66.94567883663139
q30,static-locked,120054784723,0.0,0.0,0.0,0.0,0.0,0.0038165026163444566,83.97479893167956
q30,static-lockfree,116875241648,0.0,0.0,0.0,0.0,0.01109141407300083,0.04535050045897125,83.54661407767102
q31,dynamic,332394399124,0.7861368458333109,0.8146985355760383,0.0,0.0,0.0,0.12829171854996216,83.40396611543959
q31,legacy,346528433859,0.0,0.0,0.0,0.0,0.0,0.0491485631073205,82.43758580522054
q31,selective-4,338300975092,0.7878673090655923,0.795884098255344,0.0,0.0,0.0,0.2726444781157273,83.41778683855571
q31,selective-all,333354360320,0.6065659699363131,0.6065659699363131,0.02087810728894923,0.01107190257375662,0.0,0.22567086816499213,83.44623046777372
q31,selective-base,338166928655,0.5769291810289366,0.5769291810289366,0.005221834397063507,0.004153737048110459,0.0,0.2244303785170799,83.07002084896112
q31,selective-gate-cost,331792237464,0.6839910024254973,0.7154228914886992,0.019699456051045137,0.01031930833032673,0.0,0.19511041847995006,83.4339474111525
q31,selective-gate,336451302733,0.5674027238096222,0.5904294680578029,0.01615302647323336,0.010051400522243552,0.0,0.2168838557237152,83.23681369075938
q31,static-locked,405129076823,0.0,0.0,0.0,0.0,0.03298540802056135,0.06644734243985449,83.82987855976057
q31,static-lockfree,403208227418,0.0,0.0,0.0,0.0,0.024455743780688034,0.08631019863570973,84.71578611958431
q32,dynamic,401634571709,0.7205107520217872,0.741149984259011,0.0,0.0,0.0,0.1328551630228208,78.9262355748288
q32,legacy,400798540001,0.0,0.0,0.0,0.0,0.0,0.08535203671129803,78.64825435871435
q32,selective-4,384997022093,0.58805119314744,0.58805119314744,0.0,0.0,0.0,0.22123319379708167,79.00914213760373
q32,selective-all,386521662708,0.6299227093616676,0.6694234480603268,0.009063498732402333,0.015807913215503035,0.0,0.20357881172482956,78.72978218400425
q32,selective-base,399735275776,0.4383044732789112,0.47491837974885587,0.03894441232332857,0.0072511156148857125,0.0,0.24072791302492666,78.81611103958413
q32,selective-gate-cost,389148526712,0.5756815732873024,0.6114797075310686,0.008973678583612933,0.003979943372999646,0.0,0.17030148606741824,78.89267926875922
q32,selective-gate,390109824487,0.6215957017203517,0.6574455507170822,0.00931596686850707,0.009688034401517474,0.0,0.21165447809108306,79.99035942977098
q32,static-locked,459132953171,0.0,0.0,0.0,0.0,0.033506513731482016,0.10777784225296064,79.8101931669724
q32,static-lockfree,460199921530,0.0,0.0,0.0,0.0,0.09268968355793018,0.062020386933376276,80.59421005699188
q33,dynamic,2715030100938,0.0,0.0025892957862865833,0.0,0.0,0.0,0.17817245975758214,67.74412363677148
q33,legacy,2446562417111,0.0,0.0,0.0,0.0,0.0,0.18374173274958988,66.37963083564847
q33,selective-4,2284619941501,0.0,0.0008089596726472375,0.0023755101237689273,0.0,0.0,0.5566335645588794,64.72480138247768
q33,selective-all,2298546592318,0.0,0.0005959060410512235,0.004047046351415895,0.006532520267451972,0.0,0.32598848716151485,65.61787809917647
q33,selective-base,2230045133944,0.0,0.007679759050307215,0.005812963469969629,0.0010381637863559657,0.0,0.23798859804302389,64.79275444423736
q33,selective-gate-cost,2382047558139,0.0,0.0,0.0013095438373350787,0.0021376204612716092,0.0,0.33867102314710573,66.68202087950554
q33,selective-gate,2290753454887,0.0,0.0012041217242804794,0.007817851092527727,0.004689708609663512,0.0,0.3565123886892865,63.2789184316435
q33,static-locked,2407914896820,0.0,0.0,0.0,0.0,0.013634351713740896,0.3270209364707725,67.89372128284187
q33,static-lockfree,2516644563164,0.0,0.0,0.0,0.0,0.013462095520316913,0.25755977839996635,68.60035205891312
q34,dynamic,1662670546830,1.4532148120424042,1.4509792906956849,0.0,0.0,0.0,0.3500545901349327,75.34517076124563
q34,legacy,1668829684016,0.0,0.0,0.0,0.0,0.0,0.39601013796064755,74.03497991615029
q34,selective-4,1716788107123,1.114914418883999,1.125999048676717,0.0010655517081054296,0.0,0.0,0.1665774747119162,75.10528242933712
q34,selective-all,1638835732585,1.4646096784904634,1.4767675043200066,0.011056799921867809,0.0044937259748319735,0.0,0.27375166752823477,74.70993955121713
q34,selective-base,1556004491392,1.2042876609074769,1.2078370091455783,0.0020316738913599857,0.00906968320340451,0.0,0.37356918872386524,73.6240637995301
q34,selective-gate-cost,1676737800997,1.4305877113724663,1.4376978075919893,0.0012423807101869752,0.0002470213290078626,0.0,0.24924250765474795,74.83187679069
q34,selective-gate,1876101938603,1.1463751811383374,1.1510387954228123,0.008226609749943851,0.0018219294110133671,0.0,0.31106559216849305,76.98667507179827
q34,static-locked,1826702099429,0.0,0.0,0.0,0.0,0.007752840216490074,0.41209750639434184,75.01697030360599
q34,static-lockfree,1627533975277,0.0,0.0,0.0,0.0,0.00932857189504507,0.24756500823979696,73.92218465382484
q35,dynamic,1645204391741,1.57335429852627,1.5770709987312392,0.0,0.0,0.0,0.2570393847250155,82.31864141079957
q35,legacy,1778437710433,0.0,0.0,0.0,0.0,0.0,0.2641960427085203,82.29696047699383
q35,selective-4,1573147242339,1.191379623889092,1.1938491798819713,0.0010691294843445844,0.0,0.0,0.21979119512418202,81.83642704918364
q35,selective-all,1683634301273,1.3968061567300367,1.3979496018347988,0.008467874816532543,0.0045101886996829,0.0,0.3383000768452769,83.36013168107976
q35,selective-base,1727546007034,1.1365437699520309,1.140894591330678,0.004276128722431536,0.0011892978778188707,0.0,0.2480342499449086,82.9901359049469
q35,selective-gate-cost,1593904176499,1.3252042702087274,1.3350150562839278,0.004617051205778441,0.0031321247372383255,0.0,0.15328303382493413,81.95357785900246
q35,selective-gate,1693009263028,1.3030999015056854,1.3058676339701962,0.002658195497377837,0.0016059676455267174,0.0,0.17232019450278402,83.74561058025063
q35,static-locked,1889016594972,0.0,0.0,0.0,0.0,0.008454306141358552,0.39773161739277174,83.14501786440265
q35,static-lockfree,1819248093314,0.0,0.0,0.0,0.0,0.002977572888441138,0.3103471462605793,82.76537797921533
q36,dynamic,410832885710,0.0,0.0,0.0,0.0,0.0,0.17792301454562154,63.16976142318663
q36,legacy,416604636248,0.0,0.0,0.0,0.0,0.0,0.14699759645388247,64.03522537185415
q36,selective-4,415126354862,0.0,0.0,0.0,0.0,0.0,0.28258022822712875,63.913202440061944
q36,selective-all,412153829022,0.0,0.0,0.037335876355957885,0.038483861566049785,0.0,0.18797612018755386,64.27407338143635
q36,selective-base,415721499134,0.0,0.0,0.022389265937386216,0.007091622411016378,0.0,0.1566572639030341,63.286225604174604
q36,selective-gate-cost,414362159078,0.0,0.0,0.00729384702195038,0.020593561002257694,0.0,0.2421919815827319,63.26173423709182
q36,selective-gate,413354832204,0.0,0.0,0.05395761162649877,0.022106187924011828,0.0,0.19521107415088096,63.24768034621033
q36,static-locked,478546209814,0.0,0.0,0.0,0.0,0.018294000078702292,0.08859730916368369,67.97487064090075
q36,static-lockfree,469109628449,0.0,0.0,0.0,0.0,0.025245829507179976,0.1257365899630273,68.34168540112458
q37,dynamic,126653761188,19.17534518059069,19.22990734941363,0.0,0.0,0.0,0.08084754770764889,91.83953352584743
q37,legacy,152240683060,0.0,0.0,0.0,0.0,0.0,0.08207522817718498,93.40309332621567
q37,selective-4,118270358257,11.369463405006755,11.431024973833482,0.0,0.0,0.0,0.04523425293406821,92.57759337726499
q37,selective-all,121661191138,16.196184939245963,16.26479156985615,0.046829917960752754,0.02391234520053397,0.0,0.040220267073084986,91.7653437926346
q37,selective-base,117897517610,11.58843558198986,11.818891361303871,0.07196259744895912,0.061219176165146064,0.0,0.1157780755414499,91.41457384668338
q37,selective-gate-cost,126032075417,13.540299341685005,13.606123434262638,0.04571767290934257,0.015799258985553552,0.0,0.07753805741646823,91.8896193828597
q37,selective-gate,126961965334,14.134113240758413,14.203949584081192,0.11122968412507861,0.01027362719668531,0.0,0.015061721004155735,92.77095663188972
q37,static-locked,166135768270,0.0,0.0,0.0,0.0,0.0868360392841731,0.017577244385171435,94.46750080087375
q37,static-lockfree,163659038533,0.0,0.0,0.0,0.0,0.04248853019259232,0.06162765582889751,94.83207325130742
q38,dynamic,270076355990,3.673331867069227,3.7185566530569805,0.0,0.0,0.0,0.004841130928352763,97.26412032926216
q38,legacy,341771689763,0.0,0.0,0.0,0.0,0.0,0.0003914513811625942,97.4101986053503
q38,selective-4,301858366151,2.0879862285636106,2.268743151075759,0.0,0.0,0.0,0.02402749107961397,97.47456726669401
q38,selective-all,278055882363,3.267509872040376,3.4098305579532084,0.026787613470719875,0.025560779508061033,0.0,0.013908413183473838,96.89678324814746
q38,selective-base,299450707822,1.9903306812494792,2.2550470096113395,0.04800906133955647,0.03096908992952689,0.0,0.005652145263941343,97.03964140025695
q38,selective-gate-cost,271636234126,3.233376365365876,3.527441299143996,0.06272276839214658,0.010433445335887649,0.0,0.01730083217771343,97.20134539471134
q38,selective-gate,275655104701,3.4380015125348846,3.6644600777325476,0.005292975806062434,0.0,0.0,0.0004629034537140465,97.14363318120282
q38,static-locked,385714834050,0.0,0.0,0.0,0.0,0.06263978272836665,0.0105277649225013,97.96796981679373
q38,static-lockfree,388100195709,0.0,0.0,0.0,0.0,0.0317345732781716,0.009138184776024209,97.70303615314738
q39,dynamic,119614931766,20.556546184469944,20.626907820561204,0.0,0.0,0.0,0.0006666926847896054,93.28374543178603
q39,legacy,140669064188,0.0,0.0,0.0,0.0,0.0,0.022564209965582258,95.34129732444822
q39,selective-4,111096043716,11.124840834651636,11.14869250849498,0.0,0.0,0.0,0.1350254797402798,94.09912198065442
q39,selective-all,117896094485,18.625909486589386,18.66311793033947,0.06871041008937456,0.056911640112503256,0.0,0.14364065556178887,93.50798330730642
q39,selective-base,108698486945,12.478438264612773,12.556053346819656,0.050496673452109016,0.0,0.0,0.0019944242656265614,93.58658183390595
q39,selective-gate-cost,114065371091,15.274291144067199,15.356421247273772,0.0,0.07264953789865719,0.0,0.03974140667445453,93.7205371476978
q39,selective-gate,112113532580,14.792135093206783,14.972566899559558,0.03143320006873696,0.017221212779307465,0.0,0.06699970580839582,93.35307819001916
q39,static-locked,153465345395,0.0,0.0,0.0,0.0,0.06577145201100794,0.038898688721124744,96.45533955956077
q39,static-lockfree,159408880948,0.0,0.0,0.0,0.0,0.05671568388306556,0.026929176558239044,96.47395668887887
q40,dynamic,205488812072,14.882194800116329,15.023277198752426,0.0,0.0,0.0,0.16255646749418132,93.19110558530184
q40,legacy,232507216590,0.0,0.0,0.0,0.0,0.0,0.029605544296451982,94.54430062170141
q40,selective-4,193279688118,9.902049215495206,10.020943410347023,0.033836453606068004,0.0,0.0,0.21222576153453518,93.48919261846218
q40,selective-all,196685790704,12.49358631960405,12.687618894419959,0.07313473509455434,0.0353950927267387,0.0,0.13432047635692637,93.01895084344761
q40,selective-base,193924388609,9.352183054998324,9.515352718324166,0.030250168336628438,0.014336432977522726,0.0,0.034529719794559315,93.76314035292069
q40,selective-gate-cost,199658247873,11.491985966237078,11.62778846069374,0.02362752328168629,0.0352208454943121,0.0,0.08638196560239529,93.24137153222767
q40,selective-gate,190612616485,11.068626381119056,11.122420798766152,0.05675446882526434,0.01599143307620391,0.0,0.044189887612517235,93.1303285734864
q40,static-locked,227045520681,0.0,0.0,0.0,0.0,0.06801866715396669,0.030255626181903604,95.13806944929358
q40,static-lockfree,226175444741,0.0,0.0,0.0,0.0,0.02808148031840107,0.043472579489163374,95.62369632948678
q41,dynamic,43005987608,0.0,0.28214249863530305,0.0,0.0,0.0,0.06297365903291594,84.75344811339647
q41,legacy,42764077045,0.0,0.0,0.0,0.0,0.0,0.21677786452037762,84.72583796880119
q41,selective-4,43265183876,0.0,0.1537858389570109,0.0,0.0,0.0,0.14080378156856257,83.59292810971341
q41,selective-all,43106666853,0.0,0.2888390754604002,0.3926321665675736,0.19889209085075257,0.0,0.1238700319421331,85.8759307028716
q41,selective-base,44167659099,0.0,0.47306959495331435,0.25010413785434477,0.13790876003518848,0.0,0.15474372741105366,85.90080067625546
q41,selective-gate-cost,43417998120,0.0,0.33622301193282195,0.21259361784688383,0.10468409868732105,0.0,0.14099990015845532,86.51494475904224
q41,selective-gate,43609122014,0.0,0.5407559568025565,0.2064576488632262,0.27296664666118403,0.0,0.11277994999351468,84.87727206275142
q41,static-locked,104679068665,0.0,0.0,0.0,0.0,0.1227244258459414,0.03967083441762106,94.56521061989332
q41,static-lockfree,104601981362,0.0,0.0,0.0,0.0,0.10146992018504783,0.034851668701988504,94.41839032398958
q42,dynamic,44436671096,0.0,0.11492995703856224,0.0,0.0,0.0,0.04617899472187771,84.68568493958907
q42,legacy,44303251593,0.0,0.0,0.0,0.0,0.0,0.07748690393060018,85.23904897753991
q42,selective-4,44385934192,0.0,0.20944095396950163,0.0,0.0,0.0,0.11170727822359675,84.04951549656458
q42,selective-all,44686936992,0.0,0.0,0.21578836342545266,0.13797427872722165,0.0,0.020072700443992876,85.13914490225886
q42,selective-base,45288855626,0.0,0.4128759811114597,0.11205789658077593,0.13605791567986747,0.0,0.06664035463654663,86.1663849342149
q42,selective-gate-cost,44940641627,0.0,0.4600063673229763,0.022807800754321882,0.23537923618884785,0.0,0.021892626904750266,85.7992354716053
q42,selective-gate,44553552439,0.0,0.43454440420900686,0.08696467482149364,0.09239738190655482,0.0,0.06817020492716899,86.4408487218363
q42,static-locked,103196394068,0.0,0.0,0.0,0.0,0.11489300093361088,0.0003227981006589216,93.92233000131073
q42,static-lockfree,106137991403,0.0,0.0,0.0,0.0,0.040891286358725326,0.026417358788652825,93.6557041385563
q43,dynamic,40628701569,0.0,0.3291960777354765,0.0,0.0,0.0,0.12773980953306993,83.96117875454816
q43,legacy,40443615121,0.0,0.0,0.0,0.0,0.0,0.04263787237715564,83.61976679339887
q43,selective-4,40929556175,0.0,0.44542257731921275,0.0,0.0,0.0,0.1736207856644319,84.40901105129073
q43,selective-all,41423024226,0.0,0.10707348347627621,0.3335218289380337,0.2137215634401517,0.0,0.09823143471610608,85.23166721574077
q43,selective-base,41881183989,0.0,0.2576322150499364,0.37853437009239943,0.19975400652945471,0.0,0.16229181586139518,85.19247433255748
q43,selective-gate-cost,41086964199,0.0,0.2241309033054365,0.1725984199186125,0.2564877377885341,0.0,0.09378697051786043,82.46311325144005
q43,selective-gate,40775461017,0.0,0.09130198180832011,0.09941503293635219,0.28774502378056094,0.0,0.17907529474542838,82.73094619073893
q43,static-locked,102585459029,0.0,0.0,0.0,0.0,0.07462282639721812,0.001402387837045509,94.07217076809987
q43,static-lockfree,101643233075,0.0,0.0,0.0,0.0,0.06002409127913309,0.0267996178160727,94.27647506577506
