query,mode,repeats,median_seconds,min_seconds,max_seconds,range_over_median,median_process_seconds,median_rss_gib,max_rss_gib,claimed,transferred,dequeued,local_fit,local_grow,queue_high_water,queued_demand_bytes_high_water,queue_wait_ns,max_queue_wait_ns,gate_rejected,queue_rejected,no_receiver,cost_evaluations,adaptive_limit_changes,executed,observed_buffer_bytes,allocations,growths,growth_bytes,vs_dynamic,vs_legacy
q00,dynamic,3,1.34,1.34,1.4,0.04477611940298495,1.8125896668061614,0.8331298828125,0.8364830017089844,0,0,0,0,0,0,0,0,0,0,0,0,0,0,0,0,0,0,0,1.0,1.0
q00,legacy,3,1.34,1.28,1.36,0.05970149253731348,1.7624447140842676,0.8355484008789062,0.836090087890625,0,0,0,0,0,0,0,0,0,0,0,0,0,0,0,0,0,0,0,1.0,1.0
q00,selective-4,3,1.12,1.01,1.12,0.0982142857142858,2.5936097353696823,0.8349380493164062,0.836395263671875,10240,91,91,10144,96,4,8773632,183274355,14428380,0,52,2,0,0,10240,120717312,96,0,0,0.8358208955223881,0.8358208955223881
q00,selective-all,3,1.48,1.33,1.59,0.17567567567567569,2.1069359285756946,0.8393592834472656,0.8397064208984375,10240,0,0,10144,96,0,0,0,0,0,96,0,0,0,10240,120717312,96,0,0,1.1044776119402984,1.1044776119402984
q00,selective-base,3,1.25,1.25,1.31,0.04800000000000004,1.7646263930946589,0.8401641845703125,0.8410186767578125,10240,84,84,10144,96,4,13787136,270968383,26749908,0,46,11,0,0,10240,120717312,96,0,0,0.9328358208955223,0.9328358208955223
q00,selective-gate,3,1.58,1.45,1.59,0.08860759493670893,2.1195781910791993,0.8403396606445312,0.8405380249023438,10240,0,0,10144,96,0,0,0,0,96,0,0,0,0,10240,120717312,96,0,0,1.1791044776119404,1.1791044776119404
q00,selective-gate-cost,3,1.69,1.51,1.74,0.13609467455621302,2.21257512178272,0.8391380310058594,0.8397216796875,10240,0,0,10144,96,0,0,0,0,96,0,0,0,0,10240,120717312,96,0,0,1.2611940298507462,1.2611940298507462
q00,static-locked,3,1.34,1.31,1.36,0.03731343283582093,20.83566210232675,30.74538803100586,30.747295379638672,0,0,0,0,0,0,0,0,0,0,0,0,0,0,0,0,0,0,0,1.0,1.0
q00,static-lockfree,3,1.32,1.29,1.34,0.03787878787878791,20.76002245210111,30.74645233154297,30.74718475341797,0,0,0,0,0,0,0,0,0,0,0,0,0,0,0,0,0,0,0,0.9850746268656716,0.9850746268656716
q01,dynamic,3,1.28,1.18,1.3,0.09375000000000008,1.7534965332597494,0.8514556884765625,0.8536872863769531,0,0,0,0,0,0,0,0,0,0,0,0,0,0,0,0,0,0,0,1.0,1.032258064516129
q01,legacy,3,1.24,1.06,1.24,0.1451612903225806,1.661229050718248,0.830078125,0.8316497802734375,0,0,0,0,0,0,0,0,0,0,0,0,0,0,0,0,0,0,0,0.96875,1.0
q01,selective-4,3,1.15,1.11,1.23,0.10434782608695643,1.6117261368781328,0.8334579467773438,0.834259033203125,10240,86,86,10144,96,4,8773632,152993917,18242240,0,46,11,0,0,10240,120717312,96,0,0,0.8984374999999999,0.9274193548387096
q01,selective-all,3,1.45,1.4,1.65,0.1724137931034483,2.1641258150339127,0.840057373046875,0.8408889770507812,10240,0,0,10144,96,0,0,0,0,0,96,0,0,0,10240,120717312,96,0,0,1.1328125,1.1693548387096775
q01,selective-base,3,1.26,1.22,1.28,0.04761904761904766,1.7639938537031412,0.8372116088867188,0.8379631042480469,10240,81,81,10144,96,4,13787136,260569307,31081361,0,46,12,0,0,10240,120717312,96,0,0,0.984375,1.0161290322580645
q01,selective-gate,3,1.5,1.49,1.52,0.020000000000000018,2.0045791445299983,0.8379974365234375,0.8397369384765625,10240,0,0,10144,96,0,0,0,0,96,0,0,0,0,10240,120717312,96,0,0,1.171875,1.2096774193548387
q01,selective-gate-cost,3,1.57,1.48,1.61,0.0828025477707007,2.0688903061673045,0.8390884399414062,0.839141845703125,10240,0,0,10144,96,0,0,0,0,96,0,0,0,0,10240,120717312,96,0,0,1.2265625,1.2661290322580645
q01,static-locked,3,1.23,1.2,1.23,0.024390243902439046,20.56721658166498,30.742443084716797,30.744281768798828,0,0,0,0,0,0,0,0,0,0,0,0,0,0,0,0,0,0,0,0.9609375,0.9919354838709677
q01,static-lockfree,3,1.24,1.23,1.27,0.03225806451612906,20.76820543780923,30.74361801147461,30.74380874633789,0,0,0,0,0,0,0,0,0,0,0,0,0,0,0,0,0,0,0,0.96875,1.0
q02,dynamic,3,1.31,1.3,1.31,0.007633587786259549,1.7129964958876371,0.7547111511230469,0.7547454833984375,0,0,0,0,0,0,0,0,0,0,0,0,0,0,0,0,0,0,0,1.0,0.9776119402985074
q02,legacy,3,1.34,1.14,1.34,0.1492537313432837,1.7642981493845582,0.7439041137695312,0.7440032958984375,0,0,0,0,0,0,0,0,0,0,0,0,0,0,0,0,0,0,0,1.0229007633587786,1.0
q02,selective-4,3,1.24,1.2,1.25,0.040322580645161324,1.6626354046165943,0.7445068359375,0.7457962036132812,10240,96,96,10144,96,4,4399104,146596143,23170285,0,48,2,0,0,10240,60821504,96,0,0,0.9465648854961831,0.9253731343283581
q02,selective-all,3,1.36,1.35,1.36,0.007352941176470594,1.8122615041211247,0.7491569519042969,0.7509422302246094,10240,0,0,10144,96,0,0,0,0,0,96,0,0,0,10240,60784640,96,0,0,1.0381679389312977,1.0149253731343284
q02,selective-base,3,1.27,1.22,1.29,0.05511811023622052,1.7120952559635043,0.7492904663085938,0.7510833740234375,10240,95,95,10144,96,4,6287360,176003882,17460704,0,51,2,0,0,10240,60772352,96,0,0,0.9694656488549618,0.9477611940298507
q02,selective-gate,3,1.36,1.27,1.4,0.09558823529411756,1.8612093487754464,0.7499732971191406,0.7505683898925781,10240,0,0,10144,96,0,0,0,0,96,0,0,0,0,10240,60784640,96,0,0,1.0381679389312977,1.0149253731343284
q02,selective-gate-cost,3,1.34,1.31,1.38,0.052238805970149134,1.8037273567169905,0.7497329711914062,0.7510910034179688,10240,0,0,10144,96,0,0,0,0,96,0,0,0,0,10240,60784640,96,0,0,1.0229007633587786,1.0
q02,static-locked,3,1.32,1.32,1.32,0.0,20.821013840846717,30.720596313476562,30.72134780883789,0,0,0,0,0,0,0,0,0,0,0,0,0,0,0,0,0,0,0,1.0076335877862594,0.9850746268656716
q02,static-lockfree,3,1.31,1.3,1.33,0.022900763358778647,20.840604190714657,30.719188690185547,30.72134017944336,0,0,0,0,0,0,0,0,0,0,0,0,0,0,0,0,0,0,0,1.0,0.9776119402985074
q03,dynamic,3,1.67,1.6,1.75,0.08982035928143707,2.1128605725243688,0.8188323974609375,0.8197898864746094,0,0,0,0,0,0,0,0,0,0,0,0,0,0,0,0,0,0,0,1.0,0.9881656804733727
q03,legacy,3,1.69,1.65,1.73,0.047337278106508916,2.105723920278251,0.8136062622070312,0.8140487670898438,0,0,0,0,0,0,0,0,0,0,0,0,0,0,0,0,0,0,0,1.0119760479041917,1.0
q03,selective-4,3,1.52,1.24,1.53,0.19078947368421054,1.9575744904577732,0.8039970397949219,0.8041343688964844,10240,123,123,10144,96,4,45318144,1013316775,55627455,0,38,4,0,0,10240,121622528,192,0,0,0.9101796407185629,0.8994082840236687
q03,selective-all,3,1.85,1.84,1.86,0.01081081081081082,2.316821944899857,0.8075637817382812,0.8078117370605469,10240,0,0,10144,96,0,0,0,0,0,96,0,0,0,10240,121597952,192,0,0,1.1077844311377247,1.0946745562130178
q03,selective-base,3,1.59,1.54,1.66,0.07547169811320747,2.056829012930393,0.8085136413574219,0.8089218139648438,10240,107,107,10144,96,4,45285376,1195992231,49860114,0,48,2,0,0,10240,121569280,192,0,0,0.9520958083832336,0.9408284023668639
q03,selective-gate,3,1.79,1.49,1.88,0.21787709497206698,2.3129083374515176,0.8071861267089844,0.8079566955566406,10240,0,0,10144,96,0,0,0,0,96,0,0,0,0,10240,121532416,192,0,0,1.0718562874251498,1.0591715976331362
q03,selective-gate-cost,3,1.76,1.76,1.89,0.0738636363636363,2.2601650403812528,0.8073997497558594,0.807403564453125,10240,0,0,10144,96,0,0,0,0,96,0,0,0,0,10240,121503744,192,0,0,1.0538922155688624,1.0414201183431953
q03,static-locked,3,1.65,1.62,1.66,0.02424242424242413,22.185520427301526,30.73676300048828,30.736949920654297,0,0,0,0,0,0,0,0,0,0,0,0,0,0,0,0,0,0,0,0.9880239520958084,0.9763313609467456
q03,static-lockfree,3,1.62,1.53,1.63,0.06172839506172831,21.60985141340643,30.736915588378906,30.73770523071289,0,0,0,0,0,0,0,0,0,0,0,0,0,0,0,0,0,0,0,0.970059880239521,0.9585798816568049
q04,dynamic,3,1.41,1.41,1.51,0.0709219858156029,1.8707804000005126,0.8335533142089844,0.8335762023925781,0,0,0,0,0,0,0,0,0,0,0,0,0,0,0,0,0,0,0,1.0,0.9791666666666666
q04,legacy,3,1.44,1.17,1.46,0.20138888888888892,1.9157938603311777,0.8393325805664062,0.839385986328125,0,0,0,0,0,0,0,0,0,0,0,0,0,0,0,0,0,0,0,1.0212765957446808,1.0
q04,selective-4,3,1.42,1.4,1.46,0.042253521126760604,1.863700658082962,0.8350486755371094,0.8353424072265625,10240,137,137,10144,96,4,40108032,867501570,34863085,0,28,3,0,0,10240,120799232,96,0,0,1.0070921985815602,0.986111111111111
q04,selective-all,3,1.37,1.27,1.69,0.30656934306569333,4.233462583273649,0.84027099609375,0.840576171875,10240,0,0,10144,96,0,0,0,0,0,96,0,0,0,10240,120758272,96,0,0,0.971631205673759,0.951388888888889
q04,selective-base,3,1.47,1.39,1.51,0.08163265306122457,1.9627683507278562,0.8392295837402344,0.8405838012695312,10240,133,133,10144,96,4,51441664,1038869028,46585151,0,31,2,0,0,10240,120782848,96,0,0,1.0425531914893618,1.0208333333333333
q04,selective-gate,3,1.56,1.53,1.58,0.032051282051282076,2.0631953040137887,0.8386802673339844,0.8388671875,10240,0,0,10144,96,0,0,0,0,96,0,0,0,0,10240,120758272,96,0,0,1.1063829787234043,1.0833333333333335
q04,selective-gate-cost,3,1.68,1.63,1.76,0.07738095238095245,2.2137714438140392,0.8398513793945312,0.8409576416015625,10240,0,0,10144,96,0,0,0,0,96,0,0,0,0,10240,120758272,96,0,0,1.1914893617021276,1.1666666666666667
q04,static-locked,3,1.46,1.43,1.48,0.034246575342465786,21.742736800573766,30.736629486083984,30.739364624023438,0,0,0,0,0,0,0,0,0,0,0,0,0,0,0,0,0,0,0,1.0354609929078014,1.0138888888888888
q04,static-lockfree,3,1.41,1.39,1.49,0.0709219858156029,20.74454257450998,30.738872528076172,30.739402770996094,0,0,0,0,0,0,0,0,0,0,0,0,0,0,0,0,0,0,0,1.0,0.9791666666666666
q05,dynamic,3,1.81,1.75,1.86,0.06077348066298348,2.3579584574326873,1.6624603271484375,1.6738090515136719,0,0,0,0,0,0,0,0,0,0,0,0,0,0,0,0,0,0,0,1.0,0.9679144385026738
q05,legacy,3,1.87,1.76,1.88,0.06417112299465234,2.4136625239625573,1.6556739807128906,1.6702613830566406,0,0,0,0,0,0,0,0,0,0,0,0,0,0,0,0,0,0,0,1.0331491712707184,1.0
q05,selective-4,3,1.79,1.7,1.81,0.0614525139664805,2.356021897867322,1.6641578674316406,1.6664886474609375,10240,102,102,10144,96,4,56414208,2560700136,81053977,0,48,2,0,0,10240,120741888,96,0,0,0.988950276243094,0.9572192513368983
q05,selective-all,3,1.93,1.85,1.94,0.046632124352331536,2.506381926126778,1.6713790893554688,1.6887321472167969,10240,0,0,10144,96,0,0,0,0,0,96,0,0,0,10240,120717312,96,0,0,1.0662983425414363,1.032085561497326
q05,selective-base,3,1.71,1.68,1.88,0.11695906432748536,4.733497676439583,1.65460205078125,1.6947860717773438,10240,102,102,10144,96,4,57700352,2180054628,72295586,0,47,4,0,0,10240,120762368,96,0,0,0.9447513812154695,0.9144385026737967
q05,selective-gate,3,1.92,1.78,1.96,0.09374999999999997,2.567347995005548,1.6574172973632812,1.6750640869140625,10240,0,0,10144,96,0,0,0,0,96,0,0,0,0,10240,120717312,96,0,0,1.0607734806629834,1.0267379679144384
q05,selective-gate-cost,3,1.93,1.86,1.94,0.041450777202072464,2.515246800146997,1.65301513671875,1.6591110229492188,10240,0,0,10144,96,0,0,0,0,96,0,0,0,0,10240,120717312,96,0,0,1.0662983425414363,1.032085561497326
q05,static-locked,3,1.87,1.85,1.88,0.016042780748662996,21.470614566467702,31.613510131835938,31.617382049560547,0,0,0,0,0,0,0,0,0,0,0,0,0,0,0,0,0,0,0,1.0331491712707184,1.0
q05,static-lockfree,3,1.85,1.77,1.88,0.059459459459459386,21.478666418232024,31.616195678710938,31.616748809814453,0,0,0,0,0,0,0,0,0,0,0,0,0,0,0,0,0,0,0,1.022099447513812,0.9893048128342246
q06,dynamic,3,4.3,4.14,4.4,0.060465116279069926,6.368139994330704,15.71463394165039,15.756389617919922,0,0,0,0,0,0,0,0,0,0,0,0,0,0,0,0,0,0,0,1.0,0.9750566893424035
q06,legacy,3,4.41,4.39,4.52,0.029478458049886597,6.518859947100282,15.488784790039062,15.514968872070312,0,0,0,0,0,0,0,0,0,0,0,0,0,0,0,0,0,0,0,1.0255813953488373,1.0
q06,selective-4,3,4.09,4.07,4.22,0.03667481662591674,6.145640127360821,15.500846862792969,15.515865325927734,10240,525,525,9821,419,4,154214400,27000235054,341708805,0,53,178,0,0,10240,586326016,96,323,355500032,0.9511627906976744,0.927437641723356
q06,selective-all,3,4.53,4.42,4.57,0.03311258278145703,6.578785143792629,15.705448150634766,15.715927124023438,10240,0,0,9700,540,0,0,0,0,383,156,5,0,106,10240,597975040,96,444,387854336,1.0534883720930233,1.0272108843537415
q06,selective-base,3,4.22,4.09,4.23,0.0331753554502371,6.299750966951251,15.451900482177734,15.482437133789062,10240,565,565,9823,417,4,135192576,24647376239,314015485,0,96,160,0,0,10240,586067968,96,321,380727296,0.9813953488372092,0.9569160997732425
q06,selective-gate,3,4.38,4.35,4.53,0.04109589041095904,6.4677403792738914,15.690666198730469,15.702598571777344,10240,0,0,9712,528,0,0,0,0,522,0,6,0,0,10240,600420352,96,432,405454848,1.0186046511627906,0.9931972789115646
q06,selective-gate-cost,3,4.5,4.36,4.53,0.037777777777777764,6.526236451230943,15.70013427734375,15.71249771118164,10240,0,0,9701,539,0,0,0,0,533,0,6,0,0,10240,597749760,96,443,400338944,1.0465116279069768,1.0204081632653061
q06,static-locked,3,4.47,4.43,4.57,0.03131991051454151,25.62204240821302,44.910377502441406,44.96631622314453,0,0,0,0,0,0,0,0,0,0,0,0,0,0,0,0,0,0,0,1.0395348837209302,1.0136054421768708
q06,static-lockfree,3,4.48,4.41,4.51,0.02232142857142849,25.679973509162664,44.90081787109375,44.93232345581055,0,0,0,0,0,0,0,0,0,0,0,0,0,0,0,0,0,0,0,1.0418604651162793,1.015873015873016
q07,dynamic,3,1.5,1.37,1.51,0.09333333333333327,1.927441573701799,0.748199462890625,0.7495651245117188,0,0,0,0,0,0,0,0,0,0,0,0,0,0,0,0,0,0,0,1.0,1.0067114093959733
q07,legacy,3,1.49,1.46,1.5,0.02684563758389264,1.9047277783975005,0.7476692199707031,0.747711181640625,0,0,0,0,0,0,0,0,0,0,0,0,0,0,0,0,0,0,0,0.9933333333333333,1.0
q07,selective-4,3,1.38,1.27,1.38,0.07971014492753614,1.8162610661238432,0.7488059997558594,0.7504081726074219,10240,141,141,10144,96,4,14467072,730264921,41592757,0,27,2,0,0,10240,60792832,96,0,0,0.9199999999999999,0.9261744966442952
q07,selective-all,3,1.62,1.61,1.68,0.04320987654320978,2.062681879848242,0.7529106140136719,0.75408935546875,10240,0,0,10144,96,0,0,0,0,0,96,0,0,0,10240,60846080,96,0,0,1.08,1.087248322147651
q07,selective-base,3,1.57,1.53,1.61,0.0509554140127389,2.060759545303881,0.7536354064941406,0.7547683715820312,10240,150,150,10144,96,4,19537920,1199959200,47751371,0,22,2,0,0,10240,60796928,96,0,0,1.0466666666666666,1.0536912751677854
q07,selective-gate,3,1.67,1.39,1.72,0.19760479041916174,2.155003738589585,0.7525520324707031,0.753387451171875,10240,0,0,10144,96,0,0,0,0,96,0,0,0,0,10240,60837888,96,0,0,1.1133333333333333,1.1208053691275168
q07,selective-gate-cost,3,1.71,1.68,1.73,0.02923976608187137,2.1627341927960515,0.7534332275390625,0.7534675598144531,10240,0,0,10144,96,0,0,0,0,96,0,0,0,0,10240,60841984,96,0,0,1.14,1.1476510067114094
q07,static-locked,3,1.49,1.48,1.5,0.01342281879194632,20.881160413846374,30.720714569091797,30.721107482910156,0,0,0,0,0,0,0,0,0,0,0,0,0,0,0,0,0,0,0,0.9933333333333333,1.0
q07,static-lockfree,3,1.49,1.49,1.51,0.01342281879194632,20.90307717397809,30.721588134765625,30.72167205810547,0,0,0,0,0,0,0,0,0,0,0,0,0,0,0,0,0,0,0,0.9933333333333333,1.0
q08,dynamic,3,1.34,1.17,1.34,0.12686567164179116,1.7639205167070031,0.7737503051757812,0.7742691040039062,0,0,0,0,0,0,0,0,0,0,0,0,0,0,0,0,0,0,0,1.0,0.9852941176470588
q08,legacy,3,1.36,1.32,1.37,0.03676470588235297,1.7624614611268044,0.77056884765625,0.7710494995117188,0,0,0,0,0,0,0,0,0,0,0,0,0,0,0,0,0,0,0,1.0149253731343284,1.0
q08,selective-4,3,1.25,1.23,1.28,0.040000000000000036,1.6661547375842929,0.7715377807617188,0.771820068359375,10240,96,96,10144,96,4,5672960,407145112,48337480,0,43,6,0,0,10240,60796928,96,0,0,0.9328358208955223,0.9191176470588235
q08,selective-all,3,1.41,1.36,1.47,0.07801418439716304,1.912882961332798,0.7756004333496094,0.7767753601074219,10240,0,0,10144,96,0,0,0,0,0,96,0,0,0,10240,60784640,96,0,0,1.052238805970149,1.0367647058823528
q08,selective-base,3,1.27,1.23,1.29,0.04724409448818902,1.7221044450998306,0.7769546508789062,0.7774009704589844,10240,93,93,10144,96,4,5042176,262055990,33224760,0,50,5,0,0,10240,60801024,96,0,0,0.9477611940298507,0.9338235294117646
q08,selective-gate,3,1.42,1.28,1.42,0.09859154929577459,1.863880987279117,0.7769355773925781,0.7777328491210938,10240,0,0,10144,96,0,0,0,0,96,0,0,0,0,10240,60780544,96,0,0,1.0597014925373134,1.0441176470588234
q08,selective-gate-cost,3,1.4,1.3,1.45,0.10714285714285708,1.91310241445899,0.7769584655761719,0.7773475646972656,10240,0,0,10144,96,0,0,0,0,96,0,0,0,0,10240,60788736,96,0,0,1.044776119402985,1.0294117647058822
q08,static-locked,3,1.35,1.34,1.36,0.014814814814814828,20.821955145336688,30.744552612304688,30.744789123535156,0,0,0,0,0,0,0,0,0,0,0,0,0,0,0,0,0,0,0,1.007462686567164,0.9926470588235294
q08,static-lockfree,3,1.37,1.35,1.38,0.021897810218977957,20.800874159671366,30.74575424194336,30.746612548828125,0,0,0,0,0,0,0,0,0,0,0,0,0,0,0,0,0,0,0,1.0223880597014925,1.0073529411764706
q09,dynamic,3,3.6,3.6,3.65,0.01388888888888884,5.327007157728076,11.923805236816406,11.929084777832031,0,0,0,0,0,0,0,0,0,0,0,0,0,0,0,0,0,0,0,1.0,0.989010989010989
q09,legacy,3,3.64,3.43,3.66,0.06318681318681318,5.381220921874046,11.915702819824219,11.926082611083984,0,0,0,0,0,0,0,0,0,0,0,0,0,0,0,0,0,0,0,1.011111111111111,1.0
q09,selective-4,3,3.68,3.65,3.68,0.008152173913043546,5.3733478570356965,11.900760650634766,11.916492462158203,10240,78,78,10144,96,4,111124480,6236841527,338448758,0,47,12,0,0,10240,181469184,192,0,0,1.0222222222222221,1.010989010989011
q09,selective-all,3,3.67,3.67,3.71,0.010899182561307912,5.426826262846589,11.913223266601562,11.945178985595703,10240,0,0,10144,96,0,0,0,0,0,96,0,0,0,10240,181420032,192,0,0,1.0194444444444444,1.0082417582417582
q09,selective-base,3,3.65,3.62,3.7,0.021917808219178103,5.424634511582553,11.913520812988281,11.915382385253906,10240,78,78,10144,96,4,114880512,9156249315,341762909,0,47,12,0,0,10240,181465088,192,0,0,1.0138888888888888,1.0027472527472527
q09,selective-gate,3,3.7,3.63,3.72,0.024324324324324405,5.47844934463501,11.904800415039062,11.92380142211914,10240,0,0,10144,96,0,0,0,0,96,0,0,0,0,10240,181432320,192,0,0,1.027777777777778,1.0164835164835164
q09,selective-gate-cost,3,3.66,3.59,3.73,0.038251366120218615,5.495384789071977,11.917793273925781,11.919548034667969,10240,0,0,10144,96,0,0,0,0,96,0,0,0,0,10240,181420032,192,0,0,1.0166666666666666,1.0054945054945055
q09,static-locked,3,3.66,3.59,3.7,0.030054644808743255,24.40345590375364,41.76597213745117,41.77342987060547,0,0,0,0,0,0,0,0,0,0,0,0,0,0,0,0,0,0,0,1.0166666666666666,1.0054945054945055
q09,static-lockfree,3,3.6,3.56,3.62,0.01666666666666668,24.377883004955947,41.75624084472656,41.764888763427734,0,0,0,0,0,0,0,0,0,0,0,0,0,0,0,0,0,0,0,1.0,0.989010989010989
q10,dynamic,3,3.92,3.81,3.98,0.043367346938775496,5.7284404849633574,12.122344970703125,12.140632629394531,0,0,0,0,0,0,0,0,0,0,0,0,0,0,0,0,0,0,0,1.0,1.0103092783505154
q10,legacy,3,3.88,3.8,3.89,0.02319587628865987,5.665419676341116,12.135505676269531,12.166419982910156,0,0,0,0,0,0,0,0,0,0,0,0,0,0,0,0,0,0,0,0.9897959183673469,1.0
q10,selective-4,3,3.88,3.85,3.89,0.010309278350515474,5.618560663424432,12.127212524414062,12.134246826171875,10240,78,78,10144,96,4,207355904,9578063558,400317977,0,47,12,0,0,10240,303075328,384,0,0,0.9897959183673469,1.0
q10,selective-all,3,3.89,3.88,3.94,0.015424164524421607,5.731318595819175,12.136157989501953,12.14426040649414,10240,0,0,10144,96,0,0,0,0,0,96,0,0,0,10240,302985216,384,0,0,0.9923469387755103,1.0025773195876289
q10,selective-base,3,3.93,3.93,3.95,0.005089058524173033,5.744094585068524,12.142498016357422,12.145862579345703,10240,79,79,10144,96,4,232448000,9847426917,406993653,0,46,11,0,0,10240,303067136,384,0,0,1.0025510204081634,1.0128865979381445
q10,selective-gate,3,3.93,3.87,3.95,0.02035623409669213,5.725819706916809,12.139419555664062,12.152511596679688,10240,0,0,10144,96,0,0,0,0,96,0,0,0,0,10240,302985216,384,0,0,1.0025510204081634,1.0128865979381445
q10,selective-gate-cost,3,3.89,3.88,3.9,0.005141388174807203,5.677850801497698,12.136489868164062,12.149848937988281,10240,0,0,10144,96,0,0,0,0,96,0,0,0,0,10240,302981120,384,0,0,0.9923469387755103,1.0025773195876289
q10,static-locked,3,3.83,3.78,3.84,0.015665796344647532,24.713098456151783,41.878543853759766,41.89426040649414,0,0,0,0,0,0,0,0,0,0,0,0,0,0,0,0,0,0,0,0.9770408163265306,0.9871134020618557
q10,static-lockfree,3,3.81,3.81,3.82,0.0026246719160104427,24.57658675406128,41.88672637939453,41.90033721923828,0,0,0,0,0,0,0,0,0,0,0,0,0,0,0,0,0,0,0,0.9719387755102041,0.981958762886598
q11,dynamic,3,1.81,1.78,1.81,0.01657458563535913,2.4138216096907854,1.9133872985839844,1.9175071716308594,0,0,0,0,0,0,0,0,0,0,0,0,0,0,0,0,0,0,0,1.0,1.0342857142857143
q11,legacy,3,1.75,1.74,1.76,0.011428571428571439,2.3649752885103226,1.9047164916992188,1.9229888916015625,0,0,0,0,0,0,0,0,0,0,0,0,0,0,0,0,0,0,0,0.9668508287292817,1.0
q11,selective-4,3,1.76,1.75,1.76,0.005681818181818187,2.3849780736491084,1.9076347351074219,1.9091033935546875,10240,584,584,9958,282,4,57815040,4436978414,51256282,0,104,41,0,0,10240,190910464,192,186,6520832,0.9723756906077348,1.0057142857142858
q11,selective-all,3,1.85,1.82,1.87,0.02702702702702705,2.5148830879479647,1.9175605773925781,1.9210739135742188,10240,0,0,9884,356,0,0,0,0,217,137,0,0,54,10240,191946752,192,260,8085504,1.022099447513812,1.0571428571428572
q11,selective-base,3,1.8,1.78,1.83,0.0277777777777778,2.465435258112848,1.9267997741699219,1.9275665283203125,10240,550,550,9953,287,4,46891008,4268386748,53862235,0,48,104,0,0,10240,191049728,192,191,6905856,0.994475138121547,1.0285714285714287
q11,selective-gate,3,1.81,1.8,1.85,0.027624309392265217,5.016869955696166,1.906982421875,1.909027099609375,10240,0,0,9874,366,0,0,0,0,366,0,0,0,0,10240,192020480,192,270,8253440,1.0,1.0342857142857143
q11,selective-gate-cost,3,1.84,1.82,1.86,0.021739130434782625,2.4636515993624926,1.9042625427246094,1.9075546264648438,10240,0,0,9873,367,0,0,0,0,367,0,0,0,0,10240,191909888,192,271,8372224,1.0165745856353592,1.0514285714285714
q11,static-locked,3,1.73,1.72,1.73,0.0057803468208092535,21.472650784999132,31.788768768310547,31.798343658447266,0,0,0,0,0,0,0,0,0,0,0,0,0,0,0,0,0,0,0,0.9558011049723757,0.9885714285714285
q11,static-lockfree,3,1.73,1.72,1.73,0.0057803468208092535,21.38452464248985,31.78476333618164,31.788921356201172,0,0,0,0,0,0,0,0,0,0,0,0,0,0,0,0,0,0,0,0.9558011049723757,0.9885714285714285
q12,dynamic,3,1.88,1.86,1.88,0.010638297872340318,2.5207898262888193,2.1547317504882812,2.159759521484375,0,0,0,0,0,0,0,0,0,0,0,0,0,0,0,0,0,0,0,1.0,1.0273224043715845
q12,legacy,3,1.83,1.82,1.84,0.010928961748633888,2.478213262744248,2.16156005859375,2.1625709533691406,0,0,0,0,0,0,0,0,0,0,0,0,0,0,0,0,0,0,0,0.973404255319149,1.0
q12,selective-4,3,1.83,1.81,1.84,0.016393442622950834,2.505247386172414,2.1159591674804688,2.1353378295898438,10240,623,623,9968,272,4,94416896,5208688662,64034513,0,67,49,0,0,10240,251711488,288,176,6254592,0.973404255319149,1.0
q12,selective-all,3,1.92,1.91,1.93,0.010416666666666676,2.616149271838367,2.1629981994628906,2.166461944580078,10240,0,0,9874,366,0,0,0,0,222,138,0,0,56,10240,252796928,288,270,8384512,1.0212765957446808,1.0491803278688523
q12,selective-base,3,1.88,1.85,1.9,0.02659574468085097,2.569841904565692,2.1234970092773438,2.129352569580078,10240,588,588,9951,289,4,99753984,5484912122,63646966,0,71,38,0,0,10240,251748352,288,193,7098368,1.0,1.0273224043715845
q12,selective-gate,3,1.92,1.9,1.96,0.03125000000000003,2.6071546226739883,2.1470260620117188,2.1501121520996094,10240,0,0,9880,360,0,0,0,0,360,0,0,0,0,10240,252780544,288,264,8425472,1.0212765957446808,1.0491803278688523
q12,selective-gate-cost,3,1.9,1.9,1.95,0.026315789473684237,2.564034016802907,2.154022216796875,2.160999298095703,10240,0,0,9884,356,0,0,0,0,356,0,0,0,0,10240,252805120,288,260,8204288,1.0106382978723405,1.0382513661202184
q12,static-locked,3,1.78,1.77,1.78,0.005617977528089893,21.430335612036288,31.93130111694336,31.944488525390625,0,0,0,0,0,0,0,0,0,0,0,0,0,0,0,0,0,0,0,0.946808510638298,0.9726775956284153
q12,static-lockfree,3,1.8,1.79,1.81,0.01111111111111112,21.463695055805147,31.935462951660156,31.94527816772461,0,0,0,0,0,0,0,0,0,0,0,0,0,0,0,0,0,0,0,0.9574468085106383,0.9836065573770492
q13,dynamic,3,4.77,4.69,4.8,0.023060796645702188,7.021796828135848,17.655086517333984,17.658634185791016,0,0,0,0,0,0,0,0,0,0,0,0,0,0,0,0,0,0,0,1.0,0.9636363636363635
q13,legacy,3,4.95,4.83,5.02,0.038383838383838284,7.238673116080463,17.39056396484375,17.409446716308594,0,0,0,0,0,0,0,0,0,0,0,0,0,0,0,0,0,0,0,1.037735849056604,1.0
q13,selective-4,3,4.51,4.38,4.53,0.03325942350332602,6.770841475576162,17.399169921875,17.412582397460938,10240,571,571,9824,416,4,137117696,32017829075,460851066,0,92,175,0,0,10240,583061504,96,320,387858432,0.9454926624737946,0.911111111111111
q13,selective-all,3,4.77,4.7,4.84,0.02935010482180287,7.059416397474706,17.630168914794922,17.692611694335938,10240,0,0,9702,538,0,0,0,0,373,164,3,0,102,10240,600170496,96,442,381050880,1.0,0.9636363636363635
q13,selective-base,3,4.52,4.51,4.57,0.013274336283185952,6.84576578065753,17.436180114746094,17.442119598388672,10240,577,577,9813,427,4,157036544,33207186183,512108520,0,99,162,0,0,10240,579649536,96,331,368496640,0.9475890985324947,0.913131313131313
q13,selective-gate,3,4.74,4.73,4.8,0.014767932489451348,7.105025660246611,17.619274139404297,17.710956573486328,10240,0,0,9707,533,0,0,0,0,528,0,1,0,0,10240,599007232,96,437,380301312,0.9937106918238995,0.9575757575757576
q13,selective-gate-cost,3,4.67,4.5,4.73,0.049250535331905876,7.02042150311172,17.67949676513672,17.694820404052734,10240,0,0,9700,540,0,0,0,0,539,0,2,0,0,10240,601206784,96,444,388685824,0.979035639412998,0.9434343434343434
q13,static-locked,3,4.91,4.9,4.92,0.0040733197556007275,26.303846676833928,46.83219528198242,46.84051513671875,0,0,0,0,0,0,0,0,0,0,0,0,0,0,0,0,0,0,0,1.029350104821803,0.9919191919191919
q13,static-lockfree,3,4.96,4.72,5.04,0.06451612903225812,26.232281671836972,46.83018493652344,46.83314514160156,0,0,0,0,0,0,0,0,0,0,0,0,0,0,0,0,0,0,0,1.0398322851153041,1.002020202020202
q14,dynamic,3,5.37,5.36,5.48,0.022346368715083817,8.230594455264509,21.935516357421875,21.95492935180664,0,0,0,0,0,0,0,0,0,0,0,0,0,0,0,0,0,0,0,1.0,1.0151228733459357
q14,legacy,3,5.29,5.1,5.39,0.054820415879017016,8.053841982968152,21.61286163330078,21.636493682861328,0,0,0,0,0,0,0,0,0,0,0,0,0,0,0,0,0,0,0,0.9851024208566108,1.0
q14,selective-4,3,5.13,5.05,5.21,0.031189083820662798,7.918859824538231,21.737613677978516,21.746734619140625,10240,546,546,9826,414,4,181166080,28704766832,369700479,0,93,178,0,0,10240,705335296,192,318,348397568,0.9553072625698323,0.9697542533081285
q14,selective-all,3,5.42,5.16,5.52,0.06642066420664196,8.26599048357457,21.915145874023438,21.925636291503906,10240,0,0,9703,537,0,0,0,0,374,159,4,0,100,10240,721006592,192,441,403881984,1.0093109869646182,1.0245746691871456
q14,selective-base,3,5.24,4.95,5.28,0.06297709923664123,10.516587174497545,21.769454956054688,21.792098999023438,10240,576,576,9810,430,4,217104384,33085808940,395706660,0,111,173,0,0,10240,705634304,192,334,373456896,0.9757914338919925,0.9905482041587902
q14,selective-gate,3,5.38,5.34,5.39,0.009293680297397737,8.216789001598954,21.910938262939453,21.92812728881836,10240,0,0,9699,541,0,0,0,0,541,0,2,0,0,10240,718434304,192,445,382554112,1.0018621973929236,1.0170132325141776
q14,selective-gate-cost,3,5.49,5.45,5.62,0.030965391621129313,8.355537195689976,21.90180206298828,21.927539825439453,10240,0,0,9690,550,0,0,0,0,543,0,5,0,0,10240,719093760,192,454,397840384,1.0223463687150838,1.0378071833648395
q14,static-locked,3,5.33,5.15,5.39,0.045028142589118074,27.27795271296054,50.945594787597656,50.94813537597656,0,0,0,0,0,0,0,0,0,0,0,0,0,0,0,0,0,0,0,0.9925512104283054,1.007561436672968
q14,static-lockfree,3,5.32,5.2,5.36,0.030075187969924838,27.173076132312417,50.916900634765625,50.94520950317383,0,0,0,0,0,0,0,0,0,0,0,0,0,0,0,0,0,0,0,0.9906890130353818,1.005671077504726
q15,dynamic,3,4.77,4.77,4.82,0.010482180293501198,7.156227742321789,18.19012451171875,18.192298889160156,0,0,0,0,0,0,0,0,0,0,0,0,0,0,0,0,0,0,0,1.0,0.9445544554455445
q15,legacy,3,5.05,5.05,5.06,0.001980198019801938,7.453842292539775,17.921554565429688,17.922103881835938,0,0,0,0,0,0,0,0,0,0,0,0,0,0,0,0,0,0,0,1.058700209643606,1.0
q15,selective-4,3,4.58,4.57,4.84,0.05895196506550209,9.392801423557103,17.952823638916016,17.983043670654297,10240,565,565,9826,414,4,156012544,30772156585,532884591,0,100,145,0,0,10240,646397952,192,318,369348608,0.9601677148846961,0.906930693069307
q15,selective-all,3,4.82,4.75,4.91,0.033195020746887995,7.198800728656352,18.193679809570312,18.21917724609375,10240,0,0,9714,526,0,0,0,0,360,162,4,0,98,10240,660721664,192,430,392613888,1.0104821802935011,0.9544554455445545
q15,selective-base,3,4.65,4.62,4.7,0.01720430107526883,7.018987499177456,17.964672088623047,17.988292694091797,10240,590,590,9813,427,4,159928320,30418249266,411780611,0,67,177,0,0,10240,643117056,192,331,379834368,0.9748427672955976,0.9207920792079209
q15,selective-gate,3,4.88,4.69,4.9,0.043032786885245894,7.23384512308985,18.156089782714844,18.246654510498047,10240,0,0,9698,542,0,0,0,0,540,0,2,0,0,10240,660369408,192,446,380854272,1.0230607966457024,0.9663366336633663
q15,selective-gate-cost,3,4.9,4.8,4.95,0.030612244897959252,7.281411334872246,18.207866668701172,18.217044830322266,10240,0,0,9705,535,0,0,0,0,533,0,2,0,0,10240,661889024,192,439,382881792,1.0272536687631029,0.9702970297029704
q15,static-locked,3,5.0,4.96,5.04,0.016000000000000014,26.57122210599482,47.327735900878906,47.35329818725586,0,0,0,0,0,0,0,0,0,0,0,0,0,0,0,0,0,0,0,1.0482180293501049,0.9900990099009901
q15,static-lockfree,3,4.93,4.91,4.98,0.014198782961460505,26.50987993553281,47.309574127197266,47.33573532104492,0,0,0,0,0,0,0,0,0,0,0,0,0,0,0,0,0,0,0,1.0335429769392035,0.9762376237623762
q16,dynamic,3,1.77,1.72,1.79,0.039548022598870095,2.3100658748298883,1.851776123046875,1.8534698486328125,0,0,0,0,0,0,0,0,0,0,0,0,0,0,0,0,0,0,0,1.0,0.9888268156424581
q16,legacy,3,1.79,1.74,1.79,0.02793296089385477,2.366209829226136,1.8411827087402344,1.8581466674804688,0,0,0,0,0,0,0,0,0,0,0,0,0,0,0,0,0,0,0,1.0112994350282487,1.0
q16,selective-4,3,1.69,1.69,1.74,0.029585798816568074,2.264330368489027,1.8593864440917969,1.8703155517578125,10240,85,85,10144,96,4,41394176,1280841519,51080365,0,53,2,0,0,10240,120750080,96,0,0,0.9548022598870056,0.9441340782122905
q16,selective-all,3,1.95,1.93,1.97,0.02051282051282053,2.555317788384855,1.8514060974121094,1.851409912109375,10240,0,0,10144,96,0,0,0,0,0,96,0,0,0,10240,120717312,96,0,0,1.1016949152542372,1.089385474860335
q16,selective-base,3,1.82,1.74,1.87,0.0714285714285715,2.4180084811523557,1.8633651733398438,1.8831787109375,10240,85,85,10144,96,4,42614784,1398838442,69217399,0,48,7,0,0,10240,120733696,96,0,0,1.0282485875706215,1.0167597765363128
q16,selective-gate,3,1.98,1.94,2.0,0.03030303030303033,2.6160107040777802,1.8566055297851562,1.87518310546875,10240,0,0,10144,96,0,0,0,0,96,0,0,0,0,10240,120717312,96,0,0,1.11864406779661,1.106145251396648
q16,selective-gate-cost,3,1.79,1.74,1.96,0.12290502793296088,4.894622060470283,1.8832283020019531,1.8850135803222656,10240,0,0,10144,96,0,0,0,0,96,0,0,0,0,10240,120717312,96,0,0,1.0112994350282487,1.0
q16,static-locked,3,1.79,1.78,1.83,0.02793296089385477,21.623480666428804,31.771350860595703,31.774276733398438,0,0,0,0,0,0,0,0,0,0,0,0,0,0,0,0,0,0,0,1.0112994350282487,1.0
q16,static-lockfree,3,1.81,1.76,1.82,0.03314917127071826,21.494313240982592,31.770442962646484,31.79696273803711,0,0,0,0,0,0,0,0,0,0,0,0,0,0,0,0,0,0,0,1.0225988700564972,1.011173184357542
q17,dynamic,3,5.95,5.85,6.09,0.04033613445378155,11.840810102410614,27.780181884765625,27.867156982421875,0,0,0,0,0,0,0,0,0,0,0,0,0,0,0,0,0,0,0,1.0,1.0084745762711864
q17,legacy,3,5.9,5.77,5.97,0.03389830508474579,9.445737945847213,27.518386840820312,27.541912078857422,0,0,0,0,0,0,0,0,0,0,0,0,0,0,0,0,0,0,0,0.9915966386554622,1.0
q17,selective-4,3,5.82,5.69,5.97,0.048109965635738716,9.560029536485672,27.62039566040039,27.668743133544922,10240,546,546,9812,428,4,201207808,38146841002,449344105,0,99,155,0,0,10240,707923968,192,332,369414144,0.9781512605042016,0.9864406779661017
q17,selective-all,3,6.11,6.01,6.14,0.021276595744680833,9.68572099879384,27.819252014160156,27.830730438232422,10240,1,1,9691,549,1,6488064,206988958,206988958,382,165,2,1,102,10240,719036416,192,453,386224128,1.0268907563025211,1.035593220338983
q17,selective-base,3,5.82,5.75,6.02,0.04639175257731951,9.562996582128108,27.716381072998047,27.762554168701172,10240,527,527,9803,437,4,145547264,32760071772,461235306,0,132,142,0,0,10240,709783552,192,341,371273728,0.9781512605042016,0.9864406779661017
q17,selective-gate,3,6.06,5.87,6.14,0.04455445544554449,9.640483349561691,27.84847640991211,27.85279083251953,10240,2,2,9694,546,2,12976128,461730427,295067533,541,0,4,0,0,10240,720257024,192,450,393220096,1.0184873949579831,1.0271186440677964
q17,selective-gate-cost,3,6.15,6.01,6.22,0.03414634146341463,9.62701722420752,27.764087677001953,27.774925231933594,10240,1,1,9692,548,1,6488064,150632476,150632476,543,0,5,1,0,10240,721874944,192,452,404553728,1.0336134453781514,1.042372881355932
q17,static-locked,3,5.8,5.72,5.83,0.018965517241379366,28.42580313514918,56.89454650878906,56.90220642089844,0,0,0,0,0,0,0,0,0,0,0,0,0,0,0,0,0,0,0,0.9747899159663865,0.983050847457627
q17,static-lockfree,3,5.8,5.8,5.88,0.013793103448275874,28.388571082614362,56.85236740112305,56.873409271240234,0,0,0,0,0,0,0,0,0,0,0,0,0,0,0,0,0,0,0,0.9747899159663865,0.983050847457627
q18,dynamic,3,5.63,5.47,5.77,0.05328596802841915,9.486875773407519,27.780414581298828,27.8052978515625,0,0,0,0,0,0,0,0,0,0,0,0,0,0,0,0,0,0,0,1.0,1.031135531135531
q18,legacy,3,5.46,5.31,5.5,0.03479853479853487,9.13477014284581,27.561389923095703,27.60650634765625,0,0,0,0,0,0,0,0,0,0,0,0,0,0,0,0,0,0,0,0.9698046181172292,1.0
q18,selective-4,3,5.52,5.48,5.52,0.007246376811594049,9.141529810614884,27.57888412475586,27.687557220458984,10240,570,570,9808,432,4,208015360,37902836855,617664301,0,97,150,0,0,10240,703586304,192,336,378699776,0.9804618117229129,1.010989010989011
q18,selective-all,3,5.7,5.67,5.77,0.017543859649122744,9.434599206782877,27.79521942138672,27.812118530273438,10240,0,0,9701,539,0,0,0,0,371,160,5,0,102,10240,719335424,192,443,396443648,1.0124333925399644,1.043956043956044
q18,selective-base,3,5.58,5.5,5.63,0.023297491039426504,9.34517029300332,27.580177307128906,27.683940887451172,10240,498,498,9818,422,4,177954816,38122159377,438686550,0,116,139,0,0,10240,707522560,192,326,374689792,0.9911190053285969,1.021978021978022
q18,selective-gate,3,5.79,5.75,5.84,0.015544041450777177,9.533173315227032,27.840240478515625,27.84821319580078,10240,1,1,9687,553,1,6488064,189530824,189530824,549,0,2,0,0,10240,720027648,192,457,406949888,1.0284191829484903,1.0604395604395604
q18,selective-gate-cost,3,5.55,5.52,5.84,0.057657657657657714,11.630839736200869,27.820045471191406,27.82178497314453,10240,2,2,9692,548,2,12976128,428974280,280309913,543,0,4,2,0,10240,721137664,192,452,408059904,0.9857904085257548,1.0164835164835164
q18,static-locked,3,5.43,5.43,5.52,0.01657458563535909,28.508290311321616,56.80768585205078,56.85390090942383,0,0,0,0,0,0,0,0,0,0,0,0,0,0,0,0,0,0,0,0.9644760213143871,0.9945054945054944
q18,static-lockfree,3,5.5,5.46,5.5,0.007272727272727279,28.407541094347835,56.85353469848633,56.854896545410156,0,0,0,0,0,0,0,0,0,0,0,0,0,0,0,0,0,0,0,0.9769094138543517,1.0073260073260073
q19,dynamic,3,13.33,13.29,13.83,0.04051012753188304,20.76543382368982,68.37625885009766,68.38922882080078,0,0,0,0,0,0,0,0,0,0,0,0,0,0,0,0,0,0,0,1.0,1.0655475619504398
q19,legacy,3,12.51,12.4,13.09,0.055155875299760154,19.75468198210001,68.04876327514648,68.07277297973633,0,0,0,0,0,0,0,0,0,0,0,0,0,0,0,0,0,0,0,0.9384846211552889,1.0
q19,selective-4,3,13.75,12.7,13.77,0.07781818181818184,20.24101242981851,68.28131866455078,68.31044387817383,10240,524,524,9776,464,4,165806080,35944152622,465062273,0,38,203,0,0,10240,831098880,288,368,376233984,1.0315078769692423,1.0991207034372503
q19,selective-all,3,14.04,13.61,14.35,0.05270655270655272,21.0618624901399,68.3360595703125,68.3802604675293,10240,1,1,9695,545,1,7606272,46303835,46303835,353,185,3,1,100,10240,841785344,288,449,408854528,1.0532633158289573,1.1223021582733812
q19,selective-base,3,13.85,13.25,13.85,0.04332129963898915,20.41788120288402,68.2596206665039,68.2728385925293,10240,473,473,9770,470,4,182222848,38483758531,483843849,0,36,219,0,0,10240,830885888,288,374,380407808,1.0390097524381094,1.1071143085531574
q19,selective-gate,3,13.72,13.49,13.73,0.017492711370262405,20.728371878154576,68.34580993652344,68.35585021972656,10240,0,0,9698,542,0,0,0,0,538,0,4,0,0,10240,838881280,288,446,405950464,1.0292573143285821,1.0967226219024782
q19,selective-gate-cost,3,13.63,13.38,13.83,0.03301540719002195,20.74906554631889,68.36792373657227,68.37044143676758,10240,0,0,9690,550,0,0,0,0,547,0,2,0,0,10240,842407936,288,454,409477120,1.0225056264066017,1.0895283772981617
q19,static-locked,3,12.55,12.28,12.7,0.033466135458167325,39.03536021895707,97.24592590332031,97.2492904663086,0,0,0,0,0,0,0,0,0,0,0,0,0,0,0,0,0,0,0,0.9414853713428357,1.003197442046363
q19,static-lockfree,3,12.79,12.64,12.95,0.024237685691946734,38.84183100797236,97.24148178100586,97.26249313354492,0,0,0,0,0,0,0,0,0,0,0,0,0,0,0,0,0,0,0,0.959489872468117,1.0223820943245403
q20,dynamic,3,1.17,1.14,1.23,0.076923076923077,1.6123455511406064,0.8578948974609375,0.8642730712890625,0,0,0,0,0,0,0,0,0,0,0,0,0,0,0,0,0,0,0,1.0,1.0263157894736843
q20,legacy,3,1.14,1.05,1.2,0.131578947368421,1.663278446532786,0.8309211730957031,0.8311233520507812,0,0,0,0,0,0,0,0,0,0,0,0,0,0,0,0,0,0,0,0.9743589743589743,1.0
q20,selective-4,3,1.11,0.994,1.13,0.12252252252252242,1.6940096700564027,0.8351058959960938,0.8360061645507812,10240,92,92,10144,96,4,7520256,213269306,35556700,0,44,12,0,0,10240,120737792,96,0,0,0.9487179487179489,0.9736842105263159
q20,selective-all,3,1.2,1.18,1.23,0.041666666666666706,1.7116817412897944,0.8393783569335938,0.8416709899902344,10240,0,0,10144,96,0,0,0,0,0,96,0,0,0,10240,120741888,96,0,0,1.0256410256410258,1.0526315789473684
q20,selective-base,3,1.21,1.11,1.22,0.09090909090909081,1.7049695700407028,0.837860107421875,0.8400993347167969,10240,92,92,10144,96,4,7524352,181253062,21613702,0,42,5,0,0,10240,120741888,96,0,0,1.0341880341880343,1.0614035087719298
q20,selective-gate,3,1.2,1.2,1.2,0.0,1.7078202068805695,0.8392295837402344,0.8404731750488281,10240,0,0,10144,96,0,0,0,0,96,0,0,0,0,10240,120737792,96,0,0,1.0256410256410258,1.0526315789473684
q20,selective-gate-cost,3,1.19,1.04,1.2,0.13445378151260498,1.712697078473866,0.8389892578125,0.8415946960449219,10240,0,0,10144,96,0,0,0,0,96,0,0,0,0,10240,120737792,96,0,0,1.017094017094017,1.0438596491228072
q20,static-locked,3,1.18,1.16,1.23,0.05932203389830514,20.979462617076933,30.739173889160156,30.743919372558594,0,0,0,0,0,0,0,0,0,0,0,0,0,0,0,0,0,0,0,1.0085470085470085,1.0350877192982457
q20,static-lockfree,3,1.18,1.16,1.19,0.025423728813559344,21.00789331831038,30.740283966064453,30.74112319946289,0,0,0,0,0,0,0,0,0,0,0,0,0,0,0,0,0,0,0,1.0085470085470085,1.0350877192982457
q21,dynamic,3,11.91,11.73,12.07,0.028547439126784202,14.139907372184098,15.292350769042969,15.816524505615234,0,0,0,0,0,0,0,0,0,0,0,0,0,0,0,0,0,0,0,1.0,3.317548746518106
q21,legacy,3,3.59,3.58,3.65,0.019498607242339788,7.308695154264569,7.491764068603516,7.492053985595703,0,0,0,0,0,0,0,0,0,0,0,0,0,0,0,0,0,0,0,0.3014273719563392,1.0
q21,selective-4,3,7.78,7.4,8.17,0.0989717223650385,9.587721177376807,10.33160400390625,10.634620666503906,10240,1062,1062,9787,453,4,1405128704,48783176478,610868110,0,47,192,0,0,10240,5676716032,96,357,4682190848,0.6532325776658271,2.167130919220056
q21,selective-all,3,10.9,10.5,10.91,0.03761467889908258,13.281173202209175,13.451007843017578,13.684066772460938,10240,262,262,9550,690,4,737370112,15117033316,594850991,338,246,85,2333,206,10240,6202060800,96,594,5239296000,0.9151973131821999,3.0362116991643457
q21,selective-base,3,7.66,7.51,7.89,0.049608355091383796,9.97027799859643,10.6322021484375,10.855262756347656,10240,1010,1010,9779,461,4,1472000000,42394517902,597106900,0,26,207,0,0,10240,5991632896,96,365,5007470592,0.6431570109151973,2.1337047353760448
q21,selective-gate,3,9.48,9.09,9.5,0.04324894514767934,11.814512525685132,12.27532958984375,12.346691131591797,10240,478,478,9588,652,4,1003802624,29487203895,664995317,485,21,94,0,0,10240,5687861248,96,556,4740186112,0.7959697732997482,2.6406685236768803
q21,selective-gate-cost,3,9.52,9.42,9.87,0.04726890756302514,11.73655828461051,12.590015411376953,12.99410629272461,10240,461,461,9570,670,4,1114009600,34782841893,574495817,489,10,92,5149,0,10240,5757014016,96,574,4768518144,0.799328295549958,2.651810584958217
q21,static-locked,3,3.24,3.24,3.26,0.006172839506172707,23.360447310842574,30.771419525146484,30.77334976196289,0,0,0,0,0,0,0,0,0,0,0,0,0,0,0,0,0,0,0,0.27204030226700254,0.902506963788301
q21,static-lockfree,3,3.24,3.23,3.25,0.006172839506172844,23.876422787085176,30.771678924560547,30.772449493408203,0,0,0,0,0,0,0,0,0,0,0,0,0,0,0,0,0,0,0,0.27204030226700254,0.902506963788301
q22,dynamic,3,11.75,11.64,11.81,0.014468085106382972,14.170747213065624,14.195987701416016,14.595230102539062,0,0,0,0,0,0,0,0,0,0,0,0,0,0,0,0,0,0,0,1.0,3.626543209876543
q22,legacy,3,3.24,3.15,4.04,0.27469135802469136,6.224294520914555,8.085498809814453,8.086067199707031,0,0,0,0,0,0,0,0,0,0,0,0,0,0,0,0,0,0,0,0.27574468085106385,1.0
q22,selective-4,3,7.13,6.9,7.79,0.12482468443197751,10.779225445352495,10.202178955078125,10.989364624023438,10240,1120,1120,9565,675,4,898547712,28377207747,408687997,0,43,344,0,0,10240,6233104384,192,708,5087875072,0.6068085106382979,2.200617283950617
q22,selective-all,3,10.48,10.39,10.63,0.022900763358778647,13.06238009314984,12.639556884765625,12.66530990600586,10240,344,344,9229,1011,4,609955840,12078349053,483569915,632,258,98,2689,300,10240,6608629760,192,1048,5522731008,0.8919148936170214,3.2345679012345676
q22,selective-base,3,7.29,6.96,7.86,0.12345679012345684,9.667102687992156,10.073902130126953,10.327449798583984,10240,1221,1221,9557,683,4,1042862080,38717228880,394135731,0,72,333,0,0,10240,6254395392,192,693,5108588544,0.6204255319148936,2.25
q22,selective-gate,3,8.69,8.56,8.74,0.020713463751438402,10.978717028163373,11.227439880371094,11.978721618652344,10240,545,545,9228,1012,4,1165295616,15520814616,406791292,824,7,113,0,0,10240,5950595072,192,1061,4848721920,0.7395744680851063,2.6820987654320985
q22,selective-gate-cost,3,8.65,8.53,9.05,0.060115606936416335,11.536499691195786,11.370494842529297,11.747520446777344,10240,490,490,9289,951,4,898547712,15347919521,346171644,757,10,114,4872,0,10240,6135021568,192,1000,4982509568,0.7361702127659575,2.669753086419753
q22,static-locked,3,2.77,2.76,2.78,0.007220216606498201,22.89766107685864,30.768905639648438,30.770469665527344,0,0,0,0,0,0,0,0,0,0,0,0,0,0,0,0,0,0,0,0.23574468085106384,0.8549382716049382
q22,static-lockfree,3,2.76,2.76,2.78,0.00724637681159421,22.61088617425412,30.76590347290039,30.76905059814453,0,0,0,0,0,0,0,0,0,0,0,0,0,0,0,0,0,0,0,0.2348936170212766,0.8518518518518517
q23,dynamic,3,15.19,14.8,15.72,0.06056616194865042,19.401343311183155,21.652423858642578,21.958354949951172,0,0,0,0,0,0,0,0,0,0,0,0,0,0,0,0,0,0,0,1.0,2.7922794117647056
q23,legacy,3,5.44,5.38,6.06,0.12499999999999994,7.680221137590706,11.527801513671875,11.530864715576172,0,0,0,0,0,0,0,0,0,0,0,0,0,0,0,0,0,0,0,0.3581303489137591,1.0
q23,selective-4,3,10.79,10.3,10.86,0.051899907321593955,13.594329583458602,15.357940673828125,15.712043762207031,10240,1487,1487,9513,727,4,1323655168,57105126907,642605253,0,55,360,0,0,10240,9556467712,384,883,6635692032,0.7103357472021066,1.983455882352941
q23,selective-all,3,13.42,12.74,13.56,0.06110283159463489,15.650398259982467,17.642864227294922,18.15316390991211,10240,555,555,9010,1230,4,995852288,28623199127,546434468,766,246,151,5204,322,10240,9949122560,384,1399,7135764480,0.8834759710335748,2.4669117647058822
q23,selective-base,3,10.75,10.28,11.01,0.06790697674418608,13.470370821654797,15.609203338623047,15.763664245605469,10240,1419,1419,9499,741,4,1415438336,51681532753,580243127,0,87,360,0,0,10240,9499910144,384,900,6458597376,0.7077024358130349,1.9761029411764703
q23,selective-gate,3,12.18,11.72,13.18,0.11986863711001634,14.851012316532433,17.215961456298828,17.251144409179688,10240,768,768,9058,1182,4,1323655168,35124413066,455299498,878,3,158,0,0,10240,9344565248,384,1376,6529495040,0.8018433179723502,2.238970588235294
q23,selective-gate-cost,3,12.31,12.22,12.64,0.03411860276198212,15.768995806574821,16.34152603149414,16.895187377929688,10240,752,752,9088,1152,4,1083043840,36491206650,438931863,855,20,150,8163,0,10240,9402773504,384,1309,6641942528,0.8104015799868335,2.2628676470588234
q23,static-locked,3,4.8,4.8,4.8,0.0,25.926912032067776,30.902278900146484,30.90784454345703,0,0,0,0,0,0,0,0,0,0,0,0,0,0,0,0,0,0,0,0.31599736668861095,0.8823529411764705
q23,static-lockfree,3,4.81,4.79,4.82,0.006237006237006289,25.36485559027642,30.90438461303711,30.907428741455078,0,0,0,0,0,0,0,0,0,0,0,0,0,0,0,0,0,0,0,0.31665569453587883,0.8841911764705881
q24,dynamic,3,40.03,39.73,40.13,0.009992505620784553,47.49286540411413,41.497291564941406,42.276981353759766,0,0,0,0,0,0,0,0,0,0,0,0,0,0,0,0,0,0,0,1.0,1.3241812768772743
q24,legacy,3,30.23,30.17,30.23,0.001984783327820004,36.28419792000204,31.4407958984375,31.474212646484375,0,0,0,0,0,0,0,0,0,0,0,0,0,0,0,0,0,0,0,0.7551836122907819,1.0
q24,selective-4,3,37.88,37.71,38.29,0.01531151003167894,43.59688321966678,37.71933364868164,38.27970886230469,10240,2334,2334,7866,2374,4,5086703616,329086059858,1148538312,0,197,1387,0,0,10240,27982725120,10080,5920,16810147840,0.9462902822882838,1.253059874297056
q24,selective-all,3,38.24,37.53,38.27,0.019351464435146494,43.31287154555321,37.922306060791016,38.89983367919922,10240,382,382,7250,2990,4,3234938880,60274372224,866343271,2249,207,447,3751,332,10240,27798102016,10080,6642,16625524736,0.9552835373469898,1.2649685742639762
q24,selective-base,3,38.14,37.61,38.51,0.02359727320398528,43.82744687795639,37.703975677490234,37.77899169921875,10240,2371,2371,7893,2347,4,5187231744,363281642310,1137360961,0,219,1325,0,0,10240,27791319040,10080,5893,16618741760,0.9527854109417936,1.2616606020509429
q24,selective-gate,3,38.47,37.9,38.61,0.018455939693267503,46.290649770759046,38.892913818359375,38.95939636230469,10240,407,407,7238,3002,4,3528871936,73431055644,1307724701,2411,50,444,0,0,10240,28224942080,10080,6705,17052364800,0.9610292280789408,1.272576910353953
q24,selective-gate-cost,3,38.03,37.54,38.26,0.018932421772285008,43.920579447411,38.45494842529297,38.59363555908203,10240,413,413,7274,2966,4,2972479488,71009977260,1211738169,2392,37,438,4018,0,10240,27940737024,10080,6652,16768159744,0.9500374718960779,1.258021832616606
q24,static-locked,3,28.63,28.58,28.64,0.002095703807195329,50.44380003679544,31.451622009277344,31.45745086669922,0,0,0,0,0,0,0,0,0,0,0,0,0,0,0,0,0,0,0,0.7152135898076443,0.9470724445914653
q24,static-lockfree,3,28.59,28.57,28.63,0.0020986358866736175,50.30199815053493,31.462566375732422,31.462989807128906,0,0,0,0,0,0,0,0,0,0,0,0,0,0,0,0,0,0,0,0.7142143392455658,0.945749255706252
q25,dynamic,3,2.26,2.21,2.34,0.05752212389380527,2.8801048453897238,2.26031494140625,2.2648048400878906,0,0,0,0,0,0,0,0,0,0,0,0,0,0,0,0,0,0,0,1.0,1.2988505747126435
q25,legacy,3,1.74,1.72,1.79,0.0402298850574713,2.229024777188897,1.451995849609375,1.4521903991699219,0,0,0,0,0,0,0,0,0,0,0,0,0,0,0,0,0,0,0,0.7699115044247788,1.0
q25,selective-4,3,1.92,1.88,1.94,0.03125000000000003,2.4247795091941953,1.7339591979980469,1.7474441528320312,10240,510,510,9843,397,4,112545792,4675172536,77017786,0,51,207,0,0,10240,708964352,192,301,392171520,0.8495575221238939,1.103448275862069
q25,selective-all,3,2.34,2.3,2.37,0.029914529914530037,2.916119429282844,2.1864891052246094,2.2557945251464844,10240,0,0,9689,551,0,0,0,0,369,169,9,0,116,10240,720248832,192,455,413741056,1.0353982300884956,1.3448275862068966
q25,selective-base,3,1.97,1.96,2.0,0.0203045685279188,2.4688381776213646,1.7336196899414062,1.7755508422851562,10240,576,576,9834,406,4,114999296,4975452261,76060252,0,54,214,0,0,10240,700514304,192,310,369332224,0.8716814159292036,1.132183908045977
q25,selective-gate,3,2.37,2.2,2.37,0.07172995780590714,2.969861466437578,2.180988311767578,2.2447967529296875,10240,0,0,9685,555,0,0,0,0,548,0,10,0,0,10240,718643200,192,459,439836672,1.0486725663716816,1.3620689655172415
q25,selective-gate-cost,3,2.36,2.21,2.53,0.135593220338983,2.966735128313303,2.2610321044921875,2.283557891845703,10240,0,0,9667,573,0,0,0,0,568,0,6,0,0,10240,720392192,192,477,437366784,1.0442477876106195,1.3563218390804597
q25,static-locked,3,1.66,1.66,1.67,0.006024096385542174,21.444650132209063,30.763580322265625,30.763668060302734,0,0,0,0,0,0,0,0,0,0,0,0,0,0,0,0,0,0,0,0.7345132743362832,0.9540229885057471
q25,static-lockfree,3,1.66,1.65,1.68,0.018072289156626523,21.411785748787224,30.76323699951172,30.763599395751953,0,0,0,0,0,0,0,0,0,0,0,0,0,0,0,0,0,0,0,0.7345132743362832,0.9540229885057471
q26,dynamic,3,2.21,2.19,2.24,0.022624434389140392,2.715607571415603,2.1902847290039062,2.282329559326172,0,0,0,0,0,0,0,0,0,0,0,0,0,0,0,0,0,0,0,1.0,1.3076923076923077
q26,legacy,3,1.69,1.64,1.72,0.047337278106508916,2.1117636766284704,1.2983627319335938,1.3008232116699219,0,0,0,0,0,0,0,0,0,0,0,0,0,0,0,0,0,0,0,0.7647058823529411,1.0
q26,selective-4,3,1.84,1.84,1.85,0.005434782608695656,2.314080201089382,1.62078857421875,1.6732940673828125,10240,668,668,9858,382,4,98033664,5413266403,55290707,0,49,196,0,0,10240,581246976,96,286,362074112,0.832579185520362,1.0887573964497042
q26,selective-all,3,2.23,2.19,2.32,0.05829596412556049,2.8631595131009817,2.1338043212890625,2.1551170349121094,10240,1,1,9687,553,1,5156864,5578072,5578072,425,127,0,1,108,10240,598732800,96,457,414621696,1.009049773755656,1.319526627218935
q26,selective-base,3,1.94,1.9,1.98,0.041237113402061897,2.463303736411035,1.6232452392578125,1.6551055908203125,10240,658,658,9854,386,4,126967808,5716686812,74883067,0,44,212,0,0,10240,577662976,96,290,366317568,0.8778280542986425,1.1479289940828403
q26,selective-gate,3,2.29,2.16,2.32,0.06986899563318764,2.8644300047308207,2.1385841369628906,2.1675262451171875,10240,0,0,9675,565,0,0,0,0,565,0,0,0,0,10240,601309184,96,469,413388800,1.0361990950226245,1.3550295857988166
q26,selective-gate-cost,3,2.22,2.17,2.32,0.06756756756756752,2.8679367136210203,2.1306304931640625,2.2397613525390625,10240,1,1,9648,592,1,5234688,7518423,7518423,592,0,0,4,0,10240,600080384,96,496,425861120,1.0045248868778283,1.3136094674556213
q26,static-locked,3,1.58,1.58,1.61,0.018987341772151913,21.832211011089385,30.728687286376953,30.72948455810547,0,0,0,0,0,0,0,0,0,0,0,0,0,0,0,0,0,0,0,0.7149321266968326,0.9349112426035504
q26,static-lockfree,3,1.59,1.56,1.61,0.03144654088050317,21.987502592615783,30.729633331298828,30.729724884033203,0,0,0,0,0,0,0,0,0,0,0,0,0,0,0,0,0,0,0,0.7194570135746606,0.9408284023668639
q27,dynamic,3,2.31,2.21,2.35,0.060606060606060656,2.8669967986643314,2.1527252197265625,2.158855438232422,0,0,0,0,0,0,0,0,0,0,0,0,0,0,0,0,0,0,0,1.0,1.2905027932960893
q27,legacy,3,1.79,1.74,1.84,0.05586592178770954,2.2572088884189725,1.4642143249511719,1.4718437194824219,0,0,0,0,0,0,0,0,0,0,0,0,0,0,0,0,0,0,0,0.7748917748917749,1.0
q27,selective-4,3,1.99,1.99,2.01,0.010050251256281305,2.4821454966440797,1.7351531982421875,1.7777366638183594,10240,601,601,9852,388,4,124710912,5774162440,80781089,0,60,216,0,0,10240,701243392,192,292,410632192,0.8614718614718615,1.1117318435754189
q27,selective-all,3,2.4,2.21,2.4,0.07916666666666665,2.99083402287215,2.2437705993652344,2.2554244995117188,10240,0,0,9686,554,0,0,0,0,375,168,9,0,106,10240,721047552,192,458,433090560,1.0389610389610389,1.3407821229050279
q27,selective-base,3,2.1,2.01,2.12,0.05238095238095253,2.665049226023257,1.7865371704101562,1.8179817199707031,10240,545,545,9839,401,4,122580992,6126000136,81086788,0,47,233,0,0,10240,704724992,192,305,376061952,0.9090909090909091,1.1731843575418994
q27,selective-gate,3,2.42,2.37,2.5,0.05371900826446277,3.0101445000618696,2.2471847534179688,2.3064727783203125,10240,4,4,9692,548,2,19476480,51956660,15537403,540,0,2,0,0,10240,720228352,192,452,440770560,1.0476190476190477,1.3519553072625698
q27,selective-gate-cost,3,2.38,2.32,2.38,0.02521008403361347,2.966548469848931,2.2069664001464844,2.2935867309570312,10240,0,0,9703,537,0,0,0,0,529,0,6,0,0,10240,717934592,192,441,384905216,1.0303030303030303,1.3296089385474859
q27,static-locked,3,1.7,1.69,1.7,0.005882352941176476,21.41955490037799,30.779842376708984,30.784603118896484,0,0,0,0,0,0,0,0,0,0,0,0,0,0,0,0,0,0,0,0.7359307359307359,0.9497206703910615
q27,static-lockfree,3,1.7,1.68,1.7,0.011764705882352951,21.3661740263924,30.766277313232422,30.782913208007812,0,0,0,0,0,0,0,0,0,0,0,0,0,0,0,0,0,0,0,0.7359307359307359,0.9497206703910615
q28,dynamic,3,12.04,11.7,12.5,0.06644518272425255,14.238289590924978,14.36349868774414,14.499526977539062,0,0,0,0,0,0,0,0,0,0,0,0,0,0,0,0,0,0,0,1.0,3.8589743589743586
q28,legacy,3,3.12,3.12,3.12,0.0,6.692463351413608,7.548103332519531,7.548500061035156,0,0,0,0,0,0,0,0,0,0,0,0,0,0,0,0,0,0,0,0.25913621262458475,1.0
q28,selective-4,3,7.08,6.95,7.14,0.026836158192090325,9.204423072747886,9.767200469970703,9.778453826904297,10240,1220,1220,9790,450,4,1054498816,26555508196,343407582,0,17,208,0,0,10240,5766422528,192,354,4729196544,0.5880398671096346,2.269230769230769
q28,selective-all,3,10.73,10.28,11.14,0.08014911463187337,13.031067884527147,12.258464813232422,12.297901153564453,10240,274,274,9552,688,4,672747520,9482647925,480476600,349,250,78,2347,222,10240,6217945088,192,592,5198118912,0.8911960132890366,3.4391025641025643
q28,selective-base,3,6.63,6.61,7.08,0.07088989441930615,8.672053229995072,9.25827407836914,10.266609191894531,10240,1161,1161,9811,429,4,1186086912,23943461768,383340525,0,16,207,0,0,10240,5847715840,192,333,4789366784,0.5506644518272426,2.125
q28,selective-gate,3,9.01,9.0,9.25,0.02774694783573807,11.286759444512427,11.314502716064453,12.078498840332031,10240,470,470,9568,672,4,825962496,16452746988,503956379,511,10,91,0,0,10240,5896568832,192,576,4890038272,0.7483388704318937,2.8878205128205128
q28,selective-gate-cost,3,9.11,8.85,9.25,0.04390779363336997,11.353942791000009,11.588119506835938,11.65158462524414,10240,485,485,9555,685,4,724484096,15722965416,493588068,517,8,98,5419,0,10240,5826183168,192,589,4812189696,0.7566445182724253,2.9198717948717947
q28,static-locked,3,2.81,2.8,2.83,0.010676156583629982,22.845164274796844,30.782093048095703,30.783306121826172,0,0,0,0,0,0,0,0,0,0,0,0,0,0,0,0,0,0,0,0.2333887043189369,0.9006410256410257
q28,static-lockfree,3,2.82,2.81,2.82,0.0035460992907800663,22.470177761279047,30.782730102539062,30.78280258178711,0,0,0,0,0,0,0,0,0,0,0,0,0,0,0,0,0,0,0,0.23421926910299004,0.9038461538461537
q29,dynamic,3,52.09,50.97,52.6,0.03129199462468809,56.76663585845381,28.089923858642578,28.147560119628906,0,0,0,0,0,0,0,0,0,0,0,0,0,0,0,0,0,0,0,1.0,0.9986579754601228
q29,legacy,3,52.16,50.48,52.42,0.03719325153374243,54.607354905456305,28.587894439697266,28.619075775146484,0,0,0,0,0,0,0,0,0,0,0,0,0,0,0,0,0,0,0,1.001343827990017,1.0
q29,selective-4,3,50.63,48.68,50.91,0.044045032589373825,53.17157602496445,27.48073959350586,27.51972198486328,10240,565,565,9814,426,4,795545600,132721700563,1310910578,0,12,173,0,0,10240,2154340352,96,330,1195810816,0.9719715876367825,0.9706671779141105
q29,selective-all,3,52.68,52.44,53.17,0.0138572513287776,55.385951342992485,27.952285766601562,27.963165283203125,10240,48,48,9732,508,2,234369024,12088461739,668877538,254,184,53,658,98,10240,2180812800,96,412,1222283264,1.011326550201574,1.0099693251533743
q29,selective-base,3,50.87,50.69,52.25,0.030666404560644827,53.41305450350046,27.556243896484375,27.630413055419922,10240,523,523,9808,432,4,752857088,131556538830,1241416914,0,14,185,0,0,10240,2158460928,96,336,1199931392,0.9765789978882702,0.9752684049079755
q29,selective-gate,3,51.81,51.3,53.02,0.03319822428102694,55.288296724669635,27.87289810180664,27.885704040527344,10240,54,54,9758,482,4,238632960,18091288074,1251203066,401,2,63,0,0,10240,2162262016,96,386,1203732480,0.9946246880399309,0.9932898773006136
q29,selective-gate-cost,3,53.01,50.05,53.28,0.060931899641577136,55.43499321863055,27.89331817626953,27.950481414794922,10240,52,52,9748,492,4,262135808,23244959258,1315964678,403,6,60,509,0,10240,2168922112,96,396,1210392576,1.01766173929737,1.0162960122699387
q29,static-locked,3,51.14,49.94,53.69,0.07332811888932342,72.7292731674388,55.89204025268555,55.909664154052734,0,0,0,0,0,0,0,0,0,0,0,0,0,0,0,0,0,0,0,0.981762334421194,0.9804447852760737
q29,static-lockfree,3,50.9,49.39,51.92,0.04970530451866407,72.5918803261593,55.84040451049805,55.8538932800293,0,0,0,0,0,0,0,0,0,0,0,0,0,0,0,0,0,0,0,0.9771549241697062,0.9758435582822086
q30,dynamic,3,1.3,1.25,1.54,0.2230769230769231,4.161304133012891,0.7524681091308594,0.753143310546875,0,0,0,0,0,0,0,0,0,0,0,0,0,0,0,0,0,0,0,1.0,0.8724832214765101
q30,legacy,3,1.49,1.47,1.5,0.020134228187919483,1.9148429352790117,0.7474365234375,0.7487449645996094,0,0,0,0,0,0,0,0,0,0,0,0,0,0,0,0,0,0,0,1.146153846153846,1.0
q30,selective-4,3,1.36,1.28,1.46,0.13235294117647053,1.9172555152326822,0.7495574951171875,0.7525520324707031,10240,144,144,10144,96,4,16396288,680186839,44340126,0,25,2,0,0,10240,60796928,96,0,0,1.0461538461538462,0.9127516778523491
q30,selective-all,3,1.61,1.54,1.72,0.1118012422360248,2.062235089018941,0.7561721801757812,0.7566108703613281,10240,0,0,10144,96,0,0,0,0,0,96,0,0,0,10240,60825600,96,0,0,1.2384615384615385,1.080536912751678
q30,selective-base,3,1.44,1.35,1.65,0.2083333333333332,2.1621303455904126,0.7568206787109375,0.7573814392089844,10240,148,148,10144,96,4,15060992,990050817,40099040,0,23,3,0,0,10240,60772352,96,0,0,1.1076923076923075,0.9664429530201342
q30,selective-gate,3,1.68,1.61,1.68,0.041666666666666574,2.164856504648924,0.756103515625,0.7561454772949219,10240,0,0,10144,96,0,0,0,0,96,0,0,0,0,10240,60809216,96,0,0,1.2923076923076922,1.1275167785234899
q30,selective-gate-cost,3,1.76,1.69,1.82,0.07386363636363642,2.2146749552339315,0.7541961669921875,0.7555999755859375,10240,0,0,10144,96,0,0,0,0,96,0,0,0,0,10240,60813312,96,0,0,1.3538461538461537,1.1812080536912752
q30,static-locked,3,1.49,1.48,1.54,0.040268456375838965,21.515782300382853,30.7215576171875,30.722396850585938,0,0,0,0,0,0,0,0,0,0,0,0,0,0,0,0,0,0,0,1.146153846153846,1.0
q30,static-lockfree,3,1.53,1.48,1.59,0.07189542483660137,21.456619798205793,30.720718383789062,30.72259521484375,0,0,0,0,0,0,0,0,0,0,0,0,0,0,0,0,0,0,0,1.176923076923077,1.0268456375838926
q31,dynamic,3,4.32,4.21,4.43,0.05092592592592587,6.4032536474987864,15.442996978759766,15.470726013183594,0,0,0,0,0,0,0,0,0,0,0,0,0,0,0,0,0,0,0,1.0,1.1338582677165354
q31,legacy,3,3.81,3.57,3.86,0.07611548556430447,7.978710654191673,14.673229217529297,14.673851013183594,0,0,0,0,0,0,0,0,0,0,0,0,0,0,0,0,0,0,0,0.8819444444444444,1.0
q31,selective-4,3,3.84,3.78,3.92,0.03645833333333337,5.92755089700222,14.981742858886719,15.010746002197266,10240,549,549,9811,429,4,190984192,18697331943,318298919,0,80,189,0,0,10240,834486272,480,333,378400768,0.8888888888888888,1.0078740157480315
q31,selective-all,3,4.23,4.18,4.27,0.021276595744680816,6.319387181662023,15.090473175048828,15.100399017333984,10240,0,0,9704,536,0,0,0,0,371,163,1,0,110,10240,845631488,480,440,386949120,0.9791666666666667,1.110236220472441
q31,selective-base,3,3.91,3.8,3.99,0.048593350383631814,5.999072301201522,14.935894012451172,15.037227630615234,10240,571,571,9821,419,4,182771712,18758018673,297721413,0,83,175,0,0,10240,829292544,480,323,369987584,0.9050925925925926,1.026246719160105
q31,selective-gate,3,4.24,4.0,4.27,0.06367924528301877,6.37868987955153,15.05044937133789,15.06814193725586,10240,0,0,9692,548,0,0,0,0,543,0,4,0,0,10240,842153984,480,452,394293248,0.9814814814814815,1.1128608923884515
q31,selective-gate-cost,3,4.15,4.08,4.17,0.021686746987951772,6.273879774846137,15.058208465576172,15.096939086914062,10240,0,0,9682,558,0,0,0,0,555,0,2,0,0,10240,843063296,480,462,397795328,0.9606481481481481,1.089238845144357
q31,static-locked,3,3.53,3.49,3.89,0.11331444759206798,25.040478981100023,43.878700256347656,43.878910064697266,0,0,0,0,0,0,0,0,0,0,0,0,0,0,0,0,0,0,0,0.8171296296296295,0.926509186351706
q31,static-lockfree,3,3.57,3.55,3.68,0.03641456582633063,25.193768734112382,43.88364028930664,43.88612365722656,0,0,0,0,0,0,0,0,0,0,0,0,0,0,0,0,0,0,0,0.8263888888888888,0.9370078740157479
q32,dynamic,3,6.94,6.42,7.83,0.20317002881844382,10.710928197950125,22.022560119628906,22.038082122802734,0,0,0,0,0,0,0,0,0,0,0,0,0,0,0,0,0,0,0,1.0,1.178268251273345
q32,legacy,3,5.89,4.64,7.62,0.5059422750424449,10.563919981010258,21.280269622802734,21.315082550048828,0,0,0,0,0,0,0,0,0,0,0,0,0,0,0,0,0,0,0,0.8487031700288183,1.0
q32,selective-4,3,6.05,4.67,7.6,0.484297520661157,10.791298841126263,21.531158447265625,21.596004486083984,10240,563,563,9801,439,4,236187648,25429069300,361177180,0,74,201,0,0,10240,891822080,480,343,375300096,0.8717579250720461,1.0271646859083192
q32,selective-all,3,8.35,7.8,8.79,0.11856287425149693,11.267319984734058,21.685245513916016,21.774887084960938,10240,0,0,9690,550,0,0,0,0,382,164,7,0,104,10240,902950912,480,454,398667776,1.2031700288184437,1.4176570458404074
q32,selective-base,3,5.47,4.71,8.54,0.7001828153564899,8.468961115926504,21.587032318115234,21.642711639404297,10240,560,560,9796,444,4,249757696,36400954185,391487249,0,57,206,0,0,10240,887173120,480,348,390070272,0.7881844380403458,0.9286926994906621
q32,selective-gate,3,7.88,5.48,8.67,0.4048223350253807,10.822144915349782,21.779468536376953,21.825355529785156,10240,0,0,9704,536,0,0,0,0,530,0,6,0,0,10240,902119424,480,440,401002496,1.1354466858789625,1.3378607809847198
q32,selective-gate-cost,3,7.42,5.63,8.13,0.33692722371967665,10.426267025992274,21.808616638183594,21.832828521728516,10240,0,0,9706,534,0,0,0,0,527,0,5,0,0,10240,900939776,480,438,398745600,1.0691642651296829,1.2597623089983023
q32,static-locked,3,7.29,4.52,7.63,0.4266117969821674,29.805729893036187,50.4671630859375,50.47052764892578,0,0,0,0,0,0,0,0,0,0,0,0,0,0,0,0,0,0,0,1.0504322766570604,1.237691001697793
q32,static-lockfree,3,7.55,4.37,7.58,0.4251655629139073,30.202186062000692,50.38798522949219,50.47477340698242,0,0,0,0,0,0,0,0,0,0,0,0,0,0,0,0,0,0,0,1.0878962536023054,1.2818336162988115
q33,dynamic,3,37.46,37.16,38.32,0.030966364121729942,44.316567848436534,150.32408142089844,151.7124252319336,0,0,0,0,0,0,0,0,0,0,0,0,0,0,0,0,0,0,0,1.0,0.9883905013192613
q33,legacy,3,37.9,33.3,38.1,0.12664907651715052,42.89890000876039,150.51096725463867,151.4891357421875,0,0,0,0,0,0,0,0,0,0,0,0,0,0,0,0,0,0,0,1.01174586225307,1.0
q33,selective-4,3,38.64,37.41,39.85,0.06314699792960675,45.73907666653395,151.74994659423828,151.80626678466797,10240,78,78,10144,96,4,241913856,14192914853,562448644,0,47,12,0,0,10240,303280128,384,0,0,1.0315002669514148,1.0195250659630608
q33,selective-all,3,38.52,36.32,38.77,0.06360332294911741,43.06103973835707,149.25585174560547,151.35844039916992,10240,0,0,10144,96,0,0,0,0,0,96,0,0,0,10240,303173632,384,0,0,1.028296849973305,1.0163588390501321
q33,selective-base,3,36.54,36.09,38.85,0.07553366174055824,43.10591422859579,151.69122314453125,151.785400390625,10240,78,78,10144,96,4,238780416,13355961540,547290445,0,47,12,0,0,10240,303276032,384,0,0,0.9754404698344901,0.9641160949868074
q33,selective-gate,3,35.49,33.51,35.9,0.06734291349675967,42.74181282706559,150.0111312866211,151.73494338989258,10240,0,0,10144,96,0,0,0,0,96,0,0,0,0,10240,303169536,384,0,0,0.9474105712760278,0.9364116094986809
q33,selective-gate-cost,3,36.99,36.71,40.71,0.10813733441470667,42.533030279912055,151.4826431274414,151.75917053222656,10240,0,0,10144,96,0,0,0,0,96,0,0,0,0,10240,303169536,384,0,0,0.9874532835024026,0.9759894459102904
q33,static-locked,3,37.75,36.15,38.27,0.056158940397351115,64.86321253888309,181.44956970214844,181.46839141845703,0,0,0,0,0,0,0,0,0,0,0,0,0,0,0,0,0,0,0,1.0077415910304324,0.996042216358839
q33,static-lockfree,3,36.89,36.74,38.68,0.05258877744646239,64.01484340894967,181.17903518676758,181.54376602172852,0,0,0,0,0,0,0,0,0,0,0,0,0,0,0,0,0,0,0,0.9847837693539776,0.9733509234828497
q34,dynamic,3,30.74,28.96,42.18,0.43005855562784645,39.10808504000306,106.2738037109375,106.52788925170898,0,0,0,0,0,0,0,0,0,0,0,0,0,0,0,0,0,0,0,1.0,1.7298818232976927
q34,legacy,3,17.77,17.42,31.44,0.7889701744513224,27.461201186291873,101.49858474731445,101.58449935913086,0,0,0,0,0,0,0,0,0,0,0,0,0,0,0,0,0,0,0,0.5780741704619389,1.0
q34,selective-4,3,25.44,24.82,39.87,0.5915880503144653,34.267406372353435,103.21577835083008,103.82363510131836,10240,812,812,9695,545,4,2140987392,163806319786,1568835012,0,38,188,0,0,10240,6535827456,96,449,5567123456,0.8275862068965518,1.4316263365222286
q34,selective-all,3,29.07,28.28,36.33,0.27691778465772265,36.88514630217105,105.3336296081543,105.39195251464844,10240,197,197,9587,653,4,965189632,47196360433,1449565208,245,287,66,1577,168,10240,6707953664,96,557,5751128064,0.9456733897202343,1.6359032076533484
q34,selective-base,3,25.11,24.57,36.33,0.4683393070489844,35.162972355261445,103.36045455932617,103.91213607788086,10240,842,842,9698,542,4,1478926336,174362386670,1633443026,0,36,192,0,0,10240,6446632960,96,446,5476892672,0.8168510084580352,1.4130557118739449
q34,selective-gate,3,27.79,27.09,40.0,0.46455559553796333,37.93091194983572,104.5982437133789,105.16619491577148,10240,324,324,9574,666,4,1769537536,97315413084,1853246218,440,14,82,0,0,10240,6536355840,96,570,5573591040,0.9040338321405336,1.5638716938660664
q34,selective-gate-cost,3,26.8,26.43,37.67,0.4194029850746269,36.8340214965865,104.51507568359375,104.59299087524414,10240,380,380,9580,660,4,1994252288,115370413436,1821093767,431,14,71,4120,0,10240,6452305920,96,564,5495480320,0.8718282368249838,1.5081598199212156
q34,static-locked,3,18.23,17.74,30.21,0.6840373011519475,46.36041224282235,124.86332321166992,124.96031951904297,0,0,0,0,0,0,0,0,0,0,0,0,0,0,0,0,0,0,0,0.5930383864671438,1.0258863252673045
q34,static-lockfree,3,18.58,17.45,31.51,0.7567276641550056,46.84948113095015,124.96022033691406,125.00540161132812,0,0,0,0,0,0,0,0,0,0,0,0,0,0,0,0,0,0,0,0.6044242029928432,1.0455824423185143
q35,dynamic,3,29.48,29.41,30.49,0.03663500678426046,38.06269433628768,106.50924682617188,106.5463752746582,0,0,0,0,0,0,0,0,0,0,0,0,0,0,0,0,0,0,0,1.0,1.4941713127217435
q35,legacy,3,19.73,18.96,20.53,0.07957425240750128,27.719020802527666,101.60195541381836,101.66026306152344,0,0,0,0,0,0,0,0,0,0,0,0,0,0,0,0,0,0,0,0.6692672998643148,1.0
q35,selective-4,3,25.0,23.8,25.16,0.054399999999999976,35.4073584433645,103.16817855834961,103.45430374145508,10240,804,804,9707,533,4,2139197440,162344149326,1594989009,0,52,199,0,0,10240,6382305280,96,437,5425479680,0.8480325644504749,1.2671059300557526
q35,selective-all,3,28.61,28.56,28.91,0.01223348479552609,36.792548693716526,105.55541610717773,106.04619598388672,10240,207,207,9591,649,4,889856000,46209616219,1640693790,229,279,76,2125,182,10240,6690095104,96,553,5733269504,0.9704884667571234,1.4500760263558032
q35,selective-base,3,25.01,24.53,25.89,0.054378248700519764,33.713493171148,102.79277038574219,103.79350662231445,10240,834,834,9695,545,4,1920413696,173806621946,1441587072,0,62,176,0,0,10240,6525308928,96,449,5568483328,0.8483717774762551,1.267612772427775
q35,selective-gate,3,26.94,26.62,28.13,0.056050482553823236,35.55718696117401,104.35253143310547,104.91531753540039,10240,348,348,9575,665,4,1559347200,90737655334,1595768515,439,24,67,0,0,10240,6441914368,96,569,5485088768,0.9138398914518318,1.365433350228079
q35,selective-gate-cost,3,26.93,25.84,27.11,0.04715930189379872,36.1709911795333,104.51555633544922,105.02823638916016,10240,376,376,9594,646,4,2291159040,111989204142,1454941709,418,28,73,3883,0,10240,6575050752,96,550,5612285952,0.9135006784260515,1.3649265078560566
q35,static-locked,3,18.24,17.45,18.74,0.07072368421052627,45.77882493380457,124.97969055175781,124.99669647216797,0,0,0,0,0,0,0,0,0,0,0,0,0,0,0,0,0,0,0,0.6187245590230664,0.9244804865686771
q35,static-lockfree,3,17.85,17.75,18.77,0.05714285714285711,46.4352569617331,124.94571685791016,124.95831680297852,0,0,0,0,0,0,0,0,0,0,0,0,0,0,0,0,0,0,0,0.6054952510176391,0.9047136340598074
q36,dynamic,3,4.11,4.09,4.16,0.01703163017031637,6.477977107279003,15.730724334716797,15.734001159667969,0,0,0,0,0,0,0,0,0,0,0,0,0,0,0,0,0,0,0,1.0,0.9903614457831326
q36,legacy,3,4.15,4.11,4.18,0.016867469879517927,6.476314142346382,15.733600616455078,15.737564086914062,0,0,0,0,0,0,0,0,0,0,0,0,0,0,0,0,0,0,0,1.0097323600973236,1.0
q36,selective-4,3,4.17,4.16,4.18,0.004796163069544263,6.479030416347086,15.732955932617188,15.735523223876953,10240,83,83,10144,96,4,47857664,8094540396,265730659,0,52,2,0,0,10240,60809216,96,0,0,1.0145985401459854,1.0048192771084337
q36,selective-all,3,4.23,4.11,4.4,0.06855791962174941,6.779085755348206,15.7452392578125,15.747684478759766,10240,0,0,10144,96,0,0,0,0,0,96,0,0,0,10240,60805120,96,0,0,1.0291970802919708,1.0192771084337349
q36,selective-base,3,4.2,4.11,4.2,0.021428571428571394,6.4681480107828975,15.742622375488281,15.74721908569336,10240,82,82,10144,96,4,45338624,8463986072,278160517,0,49,8,0,0,10240,60837888,96,0,0,1.021897810218978,1.0120481927710843
q36,selective-gate,3,4.21,4.18,4.21,0.007125890736342102,6.524623443372548,15.739425659179688,15.744438171386719,10240,0,0,10144,96,0,0,0,0,96,0,0,0,0,10240,60809216,96,0,0,1.024330900243309,1.0144578313253012
q36,selective-gate-cost,3,4.15,4.15,4.24,0.021686746987951772,6.5283606285229325,15.740032196044922,15.750648498535156,10240,0,0,10144,96,0,0,0,0,96,0,0,0,0,10240,60805120,96,0,0,1.0097323600973236,1.0
q36,static-locked,3,4.3,4.15,4.39,0.05581395348837194,26.40317716356367,45.71006393432617,45.7232666015625,0,0,0,0,0,0,0,0,0,0,0,0,0,0,0,0,0,0,0,1.046228710462287,1.0361445783132528
q36,static-lockfree,3,4.15,4.12,4.2,0.019277108433734955,26.286692107096314,45.7116813659668,45.74958038330078,0,0,0,0,0,0,0,0,0,0,0,0,0,0,0,0,0,0,0,1.0097323600973236,1.0
q37,dynamic,3,11.42,11.19,11.93,0.06479859894921193,14.079467963427305,16.450775146484375,16.48583984375,0,0,0,0,0,0,0,0,0,0,0,0,0,0,0,0,0,0,0,1.0,3.8193979933110365
q37,legacy,3,2.99,2.92,3.1,0.06020066889632112,4.976958473213017,8.930320739746094,8.990478515625,0,0,0,0,0,0,0,0,0,0,0,0,0,0,0,0,0,0,0,0.2618213660245184,1.0
q37,selective-4,3,7.14,6.77,7.2,0.060224089635854426,8.67096414230764,10.561698913574219,11.004276275634766,10240,1119,1119,9827,413,4,1347166208,66594823443,1056243430,0,45,171,0,0,10240,5870387200,480,317,4573589504,0.6252189141856392,2.3879598662207355
q37,selective-all,3,10.18,10.14,10.59,0.04420432220039286,12.62666582595557,12.912925720214844,13.5438232421875,10240,281,281,9528,712,3,996995072,35349249554,994128487,373,254,74,2746,212,10240,6750502912,480,616,5529387008,0.8914185639229422,3.404682274247491
q37,selective-base,3,6.49,6.45,6.5,0.0077041602465331,8.686997580341995,10.3369140625,10.65023422241211,10240,1155,1155,9842,398,4,1372106752,60325759548,862017355,0,25,188,0,0,10240,5690425344,480,302,4425609216,0.5683012259194397,2.17056856187291
q37,selective-gate,3,8.5,8.08,8.55,0.055294117647058896,11.035050760954618,11.98495864868164,12.060413360595703,10240,508,508,9586,654,4,1575342080,52815413055,1401075937,507,12,90,0,0,10240,5639127040,480,558,4466245632,0.7443082311733801,2.842809364548495
q37,selective-gate-cost,3,8.29,8.13,8.49,0.04342581423401683,10.55550722964108,11.779541015625,11.873638153076172,10240,555,555,9582,658,4,1124929536,32159111836,872985361,528,6,83,6402,0,10240,5567569920,480,562,4321492992,0.7259194395796847,2.77257525083612
q37,static-locked,3,2.56,2.54,2.62,0.03125000000000003,23.74020440224558,32.08203887939453,32.10521697998047,0,0,0,0,0,0,0,0,0,0,0,0,0,0,0,0,0,0,0,0.22416812609457093,0.8561872909698997
q37,static-lockfree,3,2.58,2.57,2.58,0.0038759689922481513,23.77407710440457,31.953834533691406,32.07575988769531,0,0,0,0,0,0,0,0,0,0,0,0,0,0,0,0,0,0,0,0.22591943957968477,0.862876254180602
q38,dynamic,3,6.77,6.19,6.87,0.10044313146233379,7.879865860566497,7.754245758056641,7.859184265136719,0,0,0,0,0,0,0,0,0,0,0,0,0,0,0,0,0,0,0,1.0,2.142405063291139
q38,legacy,3,3.16,3.15,3.16,0.0031645569620253893,4.188225828111172,4.288219451904297,4.2895965576171875,0,0,0,0,0,0,0,0,0,0,0,0,0,0,0,0,0,0,0,0.46676514032496313,1.0
q38,selective-4,3,4.94,4.92,5.03,0.022267206477732858,6.253916182555258,6.162437438964844,6.334381103515625,10240,807,807,9916,324,4,608391168,9192063163,188498482,0,12,135,0,0,10240,3229245440,480,228,1405775872,0.7296898079763664,1.5632911392405064
q38,selective-all,3,6.33,6.13,6.44,0.048973143759873695,7.601802861317992,6.965538024902344,7.017364501953125,10240,147,147,9782,458,4,255762432,4626350953,343456882,166,207,46,1858,136,10240,3432341504,480,362,1649037312,0.9350073855243723,2.0031645569620253
q38,selective-base,3,5.03,4.86,5.07,0.04174950298210735,6.02500033006072,6.001319885253906,6.242340087890625,10240,827,827,9914,326,4,591400960,10809192723,167637085,0,17,115,0,0,10240,3191029760,480,230,1439350784,0.7429837518463812,1.5917721518987342
q38,selective-gate,3,6.32,5.82,6.35,0.08386075949367078,7.335152318701148,6.9479522705078125,7.191989898681641,10240,286,286,9722,518,4,428126208,4951147077,219290435,411,0,60,0,0,10240,3382923264,480,422,1681444864,0.9335302806499263,2.0
q38,selective-gate-cost,3,6.3,6.17,6.37,0.03174603174603177,7.645827013999224,7.095958709716797,7.205455780029297,10240,223,223,9754,486,4,321159168,6444102398,209227729,386,9,60,3015,0,10240,3383844864,480,390,1587970048,0.930576070901034,1.9936708860759491
q38,static-locked,3,2.93,2.92,2.97,0.017064846416382343,23.477901285514235,30.8914794921875,30.892993927001953,0,0,0,0,0,0,0,0,0,0,0,0,0,0,0,0,0,0,0,0.4327917282127032,0.9272151898734178
q38,static-lockfree,3,2.93,2.93,2.97,0.013651877133105813,23.759815668687224,30.889991760253906,30.89383316040039,0,0,0,0,0,0,0,0,0,0,0,0,0,0,0,0,0,0,0,0.4327917282127032,0.9272151898734178
q39,dynamic,3,11.08,10.96,11.74,0.07039711191335735,13.591787373647094,14.369606018066406,14.474842071533203,0,0,0,0,0,0,0,0,0,0,0,0,0,0,0,0,0,0,0,1.0,3.681063122923588
q39,legacy,3,3.01,2.98,3.56,0.19269102990033227,4.846870282664895,7.847618103027344,7.8528594970703125,0,0,0,0,0,0,0,0,0,0,0,0,0,0,0,0,0,0,0,0.27166064981949456,1.0
q39,selective-4,3,6.15,6.01,6.73,0.11707317073170742,7.326087514869869,8.813522338867188,9.134822845458984,10240,1318,1318,9850,390,4,1079103488,21823207867,322483598,0,21,189,0,0,10240,5791674368,576,294,4387815424,0.5550541516245487,2.0431893687707645
q39,selective-all,3,10.13,9.9,10.73,0.08193484698914116,12.304708669893444,11.550628662109375,12.234916687011719,10240,279,279,9539,701,3,539922432,12406831292,569678695,339,254,70,2701,262,10240,6683914240,576,605,5388746752,0.914259927797834,3.365448504983389
q39,selective-base,3,6.37,5.92,6.88,0.15070643642072212,9.900239952839911,8.730396270751953,8.897903442382812,10240,1226,1226,9858,382,4,1244856320,25355481108,421689766,0,22,186,0,0,10240,5684727808,576,286,4403970048,0.5749097472924187,2.116279069767442
q39,selective-gate,3,7.92,7.54,8.03,0.06186868686868678,10.273632262833416,9.77914810180664,9.953140258789062,10240,549,549,9586,654,4,1082589184,19108952086,454640318,523,11,79,0,0,10240,5533806592,576,558,4249378816,0.7148014440433212,2.631229235880399
q39,selective-gate-cost,3,7.78,7.15,8.39,0.15938303341902316,10.483123333193362,9.732162475585938,10.236557006835938,10240,578,578,9589,651,4,1047830528,19213269473,484315094,515,1,94,6932,0,10240,5730971648,576,555,4472692736,0.7021660649819494,2.584717607973422
q39,static-locked,3,2.6,2.58,2.6,0.007692307692307699,23.370075746439397,30.857463836669922,30.860214233398438,0,0,0,0,0,0,0,0,0,0,0,0,0,0,0,0,0,0,0,0.23465703971119134,0.8637873754152825
q39,static-lockfree,3,2.61,2.58,2.61,0.011494252873563144,23.512904138304293,30.85540771484375,30.857486724853516,0,0,0,0,0,0,0,0,0,0,0,0,0,0,0,0,0,0,0,0.2355595667870036,0.867109634551495
q40,dynamic,3,13.61,13.41,14.02,0.04481998530492281,17.45748800225556,21.110092163085938,21.28424835205078,0,0,0,0,0,0,0,0,0,0,0,0,0,0,0,0,0,0,0,1.0,2.8592436974789917
q40,legacy,3,4.76,4.76,5.48,0.1512605042016808,8.087690610438585,12.743839263916016,12.766975402832031,0,0,0,0,0,0,0,0,0,0,0,0,0,0,0,0,0,0,0,0.34974283614988977,1.0
q40,selective-4,3,8.88,8.64,9.01,0.041666666666666574,11.7191576147452,14.74679946899414,14.818225860595703,10240,1317,1317,9719,521,4,2670465024,83473153192,1198922680,0,33,255,0,0,10240,7874502656,768,576,5633277952,0.6524614254224835,1.8655462184873952
q40,selective-all,3,11.54,11.51,11.55,0.0034662045060659384,14.884122772142291,17.417861938476562,17.797576904296875,10240,426,426,9368,872,4,2056081408,63419640365,1784787525,396,282,121,4007,286,10240,8749002752,768,962,6621544448,0.8479059515062454,2.4243697478991595
q40,selective-base,3,9.43,8.98,10.05,0.11346765641569463,11.890108524821699,15.307662963867188,15.334716796875,10240,1241,1241,9727,513,4,1976258560,80653853175,1388619589,0,59,240,0,0,10240,7904505856,768,572,5682622464,0.6928728875826599,1.98109243697479
q40,selective-gate,3,10.29,9.8,10.92,0.10884353741496591,12.997515669092536,16.063396453857422,16.378562927246094,10240,640,640,9417,823,4,2370232320,95988208640,1914621917,574,19,139,0,0,10240,7948242944,768,895,5743722496,0.7560617193240264,2.161764705882353
q40,selective-gate-cost,3,9.94,9.46,11.35,0.19014084507042242,13.441183909773827,15.625164031982422,16.61800765991211,10240,657,657,9412,828,4,2121117696,75972869097,2031752296,574,12,138,6678,0,10240,7924817920,768,904,5634682880,0.7303453343130052,2.088235294117647
q40,static-locked,3,4.21,4.21,4.21,0.0,25.735443285666406,32.96435546875,32.973941802978516,0,0,0,0,0,0,0,0,0,0,0,0,0,0,0,0,0,0,0,0.30933137398971344,0.8844537815126051
q40,static-lockfree,3,4.22,4.21,4.25,0.009478672985782,25.250308077782393,32.96811294555664,32.969356536865234,0,0,0,0,0,0,0,0,0,0,0,0,0,0,0,0,0,0,0,0.3100661278471712,0.8865546218487395
q41,dynamic,3,1.5,1.46,1.59,0.08666666666666674,1.958021529018879,1.1996421813964844,1.2007331848144531,0,0,0,0,0,0,0,0,0,0,0,0,0,0,0,0,0,0,0,1.0,1.0714285714285714
q41,legacy,3,1.4,1.36,1.45,0.06428571428571418,1.957232746295631,1.1907730102539062,1.1939010620117188,0,0,0,0,0,0,0,0,0,0,0,0,0,0,0,0,0,0,0,0.9333333333333332,1.0
q41,selective-4,3,1.42,1.27,1.45,0.12676056338028166,1.9055468253791332,1.1802978515625,1.1827049255371094,10240,74,74,10144,96,1,70320128,196056070,25630566,0,0,59,0,0,10240,484601856,576,0,0,0.9466666666666667,1.0142857142857142
q41,selective-all,3,1.48,1.43,1.48,0.03378378378378381,2.0157425543293357,1.1845626831054688,1.1847686767578125,10240,0,0,10144,96,0,0,0,0,0,96,0,0,0,10240,484712448,576,0,0,0.9866666666666667,1.0571428571428572
q41,selective-base,3,1.4,1.33,1.46,0.09285714285714279,2.0167693085968494,1.1839179992675781,1.1868858337402344,10240,74,74,10144,96,1,60325888,263571891,39368706,0,0,59,0,0,10240,484675584,576,0,0,0.9333333333333332,1.0
q41,selective-gate,3,1.44,1.42,1.5,0.05555555555555561,2.0106067303568125,1.1873970031738281,1.1877708435058594,10240,0,0,10144,96,0,0,0,0,96,0,0,0,0,10240,484712448,576,0,0,0.96,1.0285714285714287
q41,selective-gate-cost,3,1.45,1.37,1.53,0.11034482758620684,1.9931886792182922,1.1857452392578125,1.1883201599121094,10240,0,0,10144,96,0,0,0,0,96,0,0,0,0,10240,484691968,576,0,0,0.9666666666666667,1.0357142857142858
q41,static-locked,3,1.33,1.33,1.34,0.0075187969924812095,21.751270380802453,30.772483825683594,30.774028778076172,0,0,0,0,0,0,0,0,0,0,0,0,0,0,0,0,0,0,0,0.8866666666666667,0.9500000000000001
q41,static-lockfree,3,1.34,1.33,1.35,0.01492537313432837,21.747296947985888,30.769676208496094,30.77550506591797,0,0,0,0,0,0,0,0,0,0,0,0,0,0,0,0,0,0,0,0.8933333333333334,0.9571428571428573
q42,dynamic,3,1.51,1.46,1.53,0.04635761589403978,2.013871838338673,1.2121543884277344,1.2131881713867188,0,0,0,0,0,0,0,0,0,0,0,0,0,0,0,0,0,0,0,1.0,1.0785714285714287
q42,legacy,3,1.4,1.32,1.46,0.09999999999999994,1.8673803713172674,1.20806884765625,1.2089805603027344,0,0,0,0,0,0,0,0,0,0,0,0,0,0,0,0,0,0,0,0.9271523178807947,1.0
q42,selective-4,3,1.44,1.24,1.48,0.16666666666666666,1.9873045096173882,1.1913414001464844,1.19146728515625,10240,74,74,10144,96,1,60350464,303470054,37226919,0,0,59,0,0,10240,485588992,672,0,0,0.9536423841059603,1.0285714285714287
q42,selective-all,3,1.4,1.29,1.43,0.09999999999999994,4.109439082443714,1.1964263916015625,1.1996002197265625,10240,0,0,10144,96,0,0,0,0,0,96,0,0,0,10240,485642240,672,0,0,0.9271523178807947,1.0
q42,selective-base,3,1.38,1.35,1.45,0.07246376811594193,1.9129393715411425,1.1951065063476562,1.1951789855957031,10240,74,74,10144,96,1,65355776,272565988,32172374,0,0,59,0,0,10240,485576704,672,0,0,0.9139072847682118,0.9857142857142857
q42,selective-gate,3,1.47,1.47,1.53,0.04081632653061228,2.0575019903481007,1.1967964172363281,1.1969642639160156,10240,0,0,10144,96,0,0,0,0,96,0,0,0,0,10240,485638144,672,0,0,0.9735099337748344,1.05
q42,selective-gate-cost,3,1.36,1.31,1.52,0.1544117647058823,4.102663986384869,1.1976394653320312,1.1984443664550781,10240,0,0,10144,96,0,0,0,0,96,0,0,0,0,10240,485646336,672,0,0,0.9006622516556292,0.9714285714285715
q42,static-locked,3,1.3,1.28,1.42,0.10769230769230762,21.628060969524086,30.782360076904297,30.785396575927734,0,0,0,0,0,0,0,0,0,0,0,0,0,0,0,0,0,0,0,0.8609271523178809,0.9285714285714287
q42,static-lockfree,3,1.35,1.34,1.36,0.014814814814814828,21.67523365560919,30.786849975585938,30.786922454833984,0,0,0,0,0,0,0,0,0,0,0,0,0,0,0,0,0,0,0,0.8940397350993378,0.9642857142857144
q43,dynamic,3,1.44,1.2,1.45,0.1736111111111111,1.928734365850687,1.0988388061523438,1.0989952087402344,0,0,0,0,0,0,0,0,0,0,0,0,0,0,0,0,0,0,0,1.0,1.0588235294117645
q43,legacy,3,1.36,1.33,1.37,0.029411764705882377,1.8450683895498514,1.0957603454589844,1.096710205078125,0,0,0,0,0,0,0,0,0,0,0,0,0,0,0,0,0,0,0,0.9444444444444445,1.0
q43,selective-4,3,1.42,1.38,1.42,0.028169014084507067,1.9056619638577104,1.0723915100097656,1.0729293823242188,10240,74,74,10144,96,1,45273088,176139960,34812523,0,0,59,0,0,10240,363905024,480,0,0,0.986111111111111,1.0441176470588234
q43,selective-all,3,1.44,1.43,1.45,0.013888888888888902,1.9962474722415209,1.0789642333984375,1.0795211791992188,10240,0,0,10144,96,0,0,0,0,0,96,0,0,0,10240,363941888,480,0,0,1.0,1.0588235294117645
q43,selective-base,3,1.37,1.32,1.44,0.08759124087591232,1.9636393152177334,1.0777702331542969,1.0792388916015625,10240,74,74,10144,96,1,37695488,213818504,39820498,0,0,59,0,0,10240,363896832,480,0,0,0.951388888888889,1.0073529411764706
q43,selective-gate,3,1.44,1.33,1.46,0.0902777777777777,1.988040678203106,1.0775947570800781,1.0776748657226562,10240,0,0,10144,96,0,0,0,0,96,0,0,0,0,10240,363917312,480,0,0,1.0,1.0588235294117645
q43,selective-gate-cost,3,1.45,1.43,1.46,0.020689655172413814,1.9658951247110963,1.0785980224609375,1.0798149108886719,10240,0,0,10144,96,0,0,0,0,96,0,0,0,0,10240,363925504,480,0,0,1.0069444444444444,1.0661764705882353
q43,static-locked,3,1.3,1.28,1.31,0.023076923076923096,21.65128344576806,30.785526275634766,30.785724639892578,0,0,0,0,0,0,0,0,0,0,0,0,0,0,0,0,0,0,0,0.9027777777777778,0.9558823529411764
q43,static-lockfree,3,1.3,1.3,1.32,0.015384615384615398,21.624713600613177,30.788990020751953,30.7891845703125,0,0,0,0,0,0,0,0,0,0,0,0,0,0,0,0,0,0,0,0.9027777777777778,0.9558823529411764
