query,mode,repeats,transfers,executed_bytes_cv,executed_files_cv,executed_bytes_max_min,peak_buffer_cv,queue_wait_p50_ms,queue_wait_p95_ms,queue_wait_max_ms,enqueue_demand_p50_mib,enqueue_demand_p95_mib,max_total_queue_mib,max_total_queue_depth,adaptive_limit_changes
q00,selective-all,3,0.0,0.2367931514171421,0.23680446571057046,2.033707865168539,0.0,0.0,0.0,0.0,0.0,0.0,0.0,0.0,0.0
q00,selective-base,3,84.0,0.19820240634615266,0.19822438728583258,1.9633150007970668,0.0,2.071794,7.877681399999998,26.749908,1.1953125,1.1953125,13.1484375,11.0,0.0
q00,selective-gate,3,0.0,0.21396519027188288,0.21399120619344383,2.1099476439790577,0.0,0.0,0.0,0.0,0.0,0.0,0.0,0.0,0.0
q00,selective-gate-cost,3,0.0,0.20178987292052503,0.2017879674040613,2.0591397849462365,0.0,0.0,0.0,0.0,0.0,0.0,0.0,0.0,0.0
q01,selective-all,3,0.0,0.2415922593719176,0.2416115884389007,2.143839945107528,0.0,0.0,0.0,0.0,0.0,0.0,0.0,0.0,0.0
q01,selective-base,3,81.0,0.19974784693346012,0.19976793176708818,1.9760932150638033,0.0,1.737249,7.255745,31.081361,1.1953125,1.1953125,13.1484375,11.0,0.0
q01,selective-gate,3,0.0,0.2122267214644887,0.21224493538752873,2.2633530114554783,0.0,0.0,0.0,0.0,0.0,0.0,0.0,0.0,0.0
q01,selective-gate-cost,3,0.0,0.23033098084605272,0.2303409338367396,2.2658959537572256,0.0,0.0,0.0,0.0,0.0,0.0,0.0,0.0,0.0
q02,selective-all,3,0.0,0.17598215434207096,0.17604494110613486,2.1345626011682737,0.002556382065960059,0.0,0.0,0.0,0.0,0.0,0.0,0.0,0.0
q02,selective-base,3,95.0,0.19704530421155803,0.19706402136266526,2.3757704981585577,0.0024374095322853653,1.339918,4.437504499999999,17.460704,0.6015625,0.6015625,5.99609375,10.0,0.0
q02,selective-gate,3,0.0,0.1591700716175584,0.15923515617142306,2.0386445772354813,0.0025769172672512664,0.0,0.0,0.0,0.0,0.0,0.0,0.0,0.0
q02,selective-gate-cost,3,0.0,0.16972955113474417,0.1696922838298968,2.037919439078486,0.0026101788288228982,0.0,0.0,0.0,0.0,0.0,0.0,0.0,0.0
q03,selective-all,3,0.0,0.21176316547990748,0.21182178650526307,2.0926804233178777,0.0014507448295082177,0.0,0.0,0.0,0.0,0.0,0.0,0.0,0.0
q03,selective-base,3,107.0,0.2826109043269187,0.2826144204468895,2.17019967448692,0.0015184681881793523,7.640956,38.0739388,49.860114,1.19921875,1.203125,43.1875,36.0,0.0
q03,selective-gate,3,0.0,0.24434172701222137,0.24434147987818705,2.0530051161909357,0.0018663498111902732,0.0,0.0,0.0,0.0,0.0,0.0,0.0,0.0
q03,selective-gate-cost,3,0.0,0.28053614553226164,0.2804535162993816,2.1106594236788143,0.0016841957924483273,0.0,0.0,0.0,0.0,0.0,0.0,0.0,0.0
q04,selective-all,3,0.0,0.22575110447707758,0.2257501600566985,1.9300694935708045,0.000754522177952555,0.0,0.0,0.0,0.0,0.0,0.0,0.0,0.0
q04,selective-base,3,133.0,0.2789209442695866,0.27895603109658024,2.1113297494674916,0.0009591790303669933,6.407756,16.8019656,46.585151,1.1953125,1.19921875,49.05859375,41.0,0.0
q04,selective-gate,3,0.0,0.2579478003100828,0.25802252335521747,2.163941384910675,0.000661203062533679,0.0,0.0,0.0,0.0,0.0,0.0,0.0,0.0
q04,selective-gate-cost,3,0.0,0.20235197749434353,0.20236787983536936,2.1384241160628963,0.000661203062533679,0.0,0.0,0.0,0.0,0.0,0.0,0.0,0.0
q05,selective-all,3,0.0,0.1392159223341729,0.13919959008167462,1.6053419462539238,0.0,0.0,0.0,0.0,0.0,0.0,0.0,0.0,0.0
q05,selective-base,3,102.0,0.17195681565481674,0.17195931880598606,1.9577688326624496,0.0006842668996313813,15.691394,62.59912489999999,72.295586,1.1953125,1.19921875,55.02734375,46.0,0.0
q05,selective-gate,3,0.0,0.15414616822440333,0.1541756842098082,1.7050483310678146,0.0,0.0,0.0,0.0,0.0,0.0,0.0,0.0,0.0
q05,selective-gate-cost,3,0.0,0.14142994758698024,0.1414440125682464,1.6357645903744122,0.0,0.0,0.0,0.0,0.0,0.0,0.0,0.0,0.0
q06,selective-all,3,0.0,0.07216875416738962,0.07840963773071839,1.4226433977606805,0.04288414529467753,0.0,0.0,0.0,0.0,0.0,0.0,0.0,106.0
q06,selective-base,3,565.0,0.07869727928841995,0.1057346185991726,1.4619922669111491,0.06369304361550968,20.001762,158.77401820000006,314.015485,4.203125,5.64453125,128.9296875,52.0,0.0
q06,selective-gate,3,0.0,0.08976505381014828,0.09520998585363827,1.470709519406193,0.037843808527234964,0.0,0.0,0.0,0.0,0.0,0.0,0.0,0.0
q06,selective-gate-cost,3,0.0,0.06689998960264454,0.0910667439599591,1.4160826538868487,0.04519169060310918,0.0,0.0,0.0,0.0,0.0,0.0,0.0,0.0
q07,selective-all,3,0.0,0.24040606121272085,0.24031407468599814,2.0995538605454414,0.002084666787910067,0.0,0.0,0.0,0.0,0.0,0.0,0.0,0.0
q07,selective-base,3,150.0,0.26922453100043925,0.26920383192852215,2.202485117263974,0.0022130388338822125,5.992336,33.49388814999999,47.751371,0.6015625,0.6015625,18.6328125,31.0,0.0
q07,selective-gate,3,0.0,0.23703977742953747,0.23698610623996766,2.1658345702334367,0.0021620893351292606,0.0,0.0,0.0,0.0,0.0,0.0,0.0,0.0
q07,selective-gate-cost,3,0.0,0.20015188838976658,0.20016853860598635,2.161292581311487,0.0020815436695489843,0.0,0.0,0.0,0.0,0.0,0.0,0.0,0.0
q08,selective-all,3,0.0,0.15702211234788213,0.15699432090644233,2.0270434627079235,0.0024996276268182487,0.0,0.0,0.0,0.0,0.0,0.0,0.0,0.0
q08,selective-base,3,93.0,0.20090759583973475,0.2009286302474712,2.3996476850610806,0.0022822409195874193,1.42503,5.652713799999997,33.22476,0.6015625,0.6015625,4.80859375,8.0,0.0
q08,selective-gate,3,0.0,0.1752092575310261,0.17517952566135545,2.140846061800521,0.0025986663327924966,0.0,0.0,0.0,0.0,0.0,0.0,0.0,0.0
q08,selective-gate-cost,3,0.0,0.170911977437999,0.17092064587843095,2.2748310751671745,0.002585353920923299,0.0,0.0,0.0,0.0,0.0,0.0,0.0,0.0
q09,selective-all,3,0.0,0.18201160470211558,0.18203041174699697,1.6548152368128026,0.0006449407051876501,0.0,0.0,0.0,0.0,0.0,0.0,0.0,0.0
q09,selective-base,3,78.0,0.16852854110883814,0.16855004791557832,1.6265363348096125,0.0004945129627168348,63.113886,320.2936944999999,341.762909,1.796875,1.796875,109.55859375,61.0,0.0
q09,selective-gate,3,0.0,0.18123550586965148,0.1812516837206278,1.634830636883523,0.0005706840347562722,0.0,0.0,0.0,0.0,0.0,0.0,0.0,0.0
q09,selective-gate-cost,3,0.0,0.1747461070918344,0.17476092765815102,1.6708180805347763,0.0005951923024615207,0.0,0.0,0.0,0.0,0.0,0.0,0.0,0.0
q10,selective-all,3,0.0,0.044096387882190675,0.0440904720610077,1.3372244639729653,0.0005526201737429451,0.0,0.0,0.0,0.0,0.0,0.0,0.0,0.0
q10,selective-base,3,79.0,0.04839048065339075,0.04839653005220261,1.2964498790851406,0.0006481378927092358,128.828846,212.68588749999975,406.993653,2.99609375,3.0,221.6796875,74.0,0.0
q10,selective-gate,3,0.0,0.052098282360935076,0.0520953762118698,1.4396820254678662,0.0005291438634792734,0.0,0.0,0.0,0.0,0.0,0.0,0.0,0.0
q10,selective-gate-cost,3,0.0,0.034060435464805194,0.034049416925532656,1.2769805371797327,0.0005378865812455965,0.0,0.0,0.0,0.0,0.0,0.0,0.0,0.0
q11,selective-all,3,0.0,0.036942377492881553,0.03693833940459086,1.227607857008633,0.005226853509803706,0.0,0.0,0.0,0.0,0.0,0.0,0.0,54.0
q11,selective-base,3,550.0,0.03508182776385304,0.03476781945321348,1.2249823145345533,0.007367818998927465,5.446183,24.642960499999987,53.862235,1.86328125,1.89453125,44.71875,24.0,0.0
q11,selective-gate,3,0.0,0.0526222130478796,0.05254160367925117,1.2659193396937274,0.00523059116859867,0.0,0.0,0.0,0.0,0.0,0.0,0.0,0.0
q11,selective-gate-cost,3,0.0,0.0396661443036638,0.03964025854678864,1.2244045321405055,0.004909852104234297,0.0,0.0,0.0,0.0,0.0,0.0,0.0,0.0
q12,selective-all,3,0.0,0.040495917269808515,0.040621243816736465,1.237264271695537,0.0036241796414600395,0.0,0.0,0.0,0.0,0.0,0.0,0.0,56.0
q12,selective-base,3,588.0,0.037211070056822594,0.03671459417971619,1.2415627678325976,0.0055060373280633205,6.031842,26.351125,63.646966,2.4609375,2.49609375,95.1328125,39.0,0.0
q12,selective-gate,3,0.0,0.04430005773137587,0.04421488499009694,1.2025841428375974,0.003852957387717512,0.0,0.0,0.0,0.0,0.0,0.0,0.0,0.0
q12,selective-gate-cost,3,0.0,0.040185237756123364,0.040179346470699345,1.2550665216299892,0.003707154801315643,0.0,0.0,0.0,0.0,0.0,0.0,0.0,0.0
q13,selective-all,3,0.0,0.0994658692477393,0.10454164279427122,1.5565024366596076,0.04178691496921407,0.0,0.0,0.0,0.0,0.0,0.0,0.0,102.0
q13,selective-base,3,577.0,0.09607845186004824,0.1313905961990098,1.526216989324207,0.06279489191656028,22.72834,234.4883791,512.10852,4.375,5.65625,149.76171875,47.0,0.0
q13,selective-gate,3,0.0,0.1030047642530781,0.11622390290068885,1.5585998293087002,0.048556633455623124,0.0,0.0,0.0,0.0,0.0,0.0,0.0,0.0
q13,selective-gate-cost,3,0.0,0.1164459918512464,0.12630302297760432,1.5460749068566573,0.04425789689151836,0.0,0.0,0.0,0.0,0.0,0.0,0.0,0.0
q14,selective-all,3,0.0,0.0867574159468031,0.09227022241932929,1.5210692338595682,0.0366430918208511,0.0,0.0,0.0,0.0,0.0,0.0,0.0,100.0
q14,selective-base,3,576.0,0.11306905703480716,0.14744632067457208,1.6316435366305646,0.04819288519589437,28.01782,214.55160525,395.70666,5.65625,6.8515625,207.046875,46.0,0.0
q14,selective-gate,3,0.0,0.09610157651387517,0.1004916502866967,1.5979516748634082,0.04002240282184663,0.0,0.0,0.0,0.0,0.0,0.0,0.0,0.0
q14,selective-gate-cost,3,0.0,0.09103392904708023,0.09542130060618016,1.438290817287765,0.036483119618759004,0.0,0.0,0.0,0.0,0.0,0.0,0.0,0.0
q15,selective-all,3,0.0,0.10626069267868217,0.10909282798235409,1.5336683224334018,0.039100664174326616,0.0,0.0,0.0,0.0,0.0,0.0,0.0,98.0
q15,selective-base,3,590.0,0.11894242029153645,0.15766062462959404,1.6649570892646077,0.052250430176243416,25.51462,196.4838388999998,411.780611,4.80078125,6.2578125,152.51953125,50.0,0.0
q15,selective-gate,3,0.0,0.08588598935776535,0.09466996537313194,1.5080319615722138,0.04081608391158483,0.0,0.0,0.0,0.0,0.0,0.0,0.0,0.0
q15,selective-gate-cost,3,0.0,0.060795021151561913,0.07245014449606017,1.3829143346763166,0.03941671985949758,0.0,0.0,0.0,0.0,0.0,0.0,0.0,0.0
q16,selective-all,3,0.0,0.15137849274576481,0.15138923730528206,1.8896949777546195,0.0,0.0,0.0,0.0,0.0,0.0,0.0,0.0,0.0
q16,selective-base,3,85.0,0.15862976090408737,0.1586591613875086,1.8485141494230646,0.00045007800113385806,11.733391,42.485291,69.217399,1.1953125,1.1953125,40.640625,34.0,0.0
q16,selective-gate,3,0.0,0.1312413950227553,0.13124418699924867,1.9402605531864952,0.0,0.0,0.0,0.0,0.0,0.0,0.0,0.0,0.0
q16,selective-gate-cost,3,0.0,0.22186898003025418,0.22187637543587757,1.9341528410556177,0.0,0.0,0.0,0.0,0.0,0.0,0.0,0.0,0.0
q17,selective-all,3,1.0,0.07522910749118514,0.08374511704515225,1.4523675659888284,0.03664378889368001,206.988958,206.988958,206.988958,6.1875,6.1875,6.1875,1.0,102.0
q17,selective-base,3,527.0,0.08629567379729937,0.11677008994708363,1.4547257911923581,0.04469699918735749,29.271686,225.7776065,461.235306,5.65625,6.8515625,138.8046875,47.0,0.0
q17,selective-gate,3,2.0,0.09110669829172624,0.08860559885491152,1.4341766264828992,0.035340883150302344,230.8652135,288.64730105,295.067533,6.1875,6.1875,12.375,2.0,0.0
q17,selective-gate-cost,3,1.0,0.07262064039197345,0.07698979931925236,1.4444784771922485,0.0354562378163728,150.632476,150.632476,150.632476,6.1875,6.1875,6.1875,1.0,0.0
q18,selective-all,3,0.0,0.0698059658431905,0.07632696551064048,1.4069179973244528,0.0355514519182413,0.0,0.0,0.0,0.0,0.0,0.0,0.0,102.0
q18,selective-base,3,498.0,0.07929042922862803,0.11662495185221407,1.4255625307546635,0.043997528607028935,32.6455545,256.1780849999994,438.68655,5.65625,6.8515625,169.7109375,44.0,0.0
q18,selective-gate,3,1.0,0.05916688608767154,0.06352912487222886,1.3882125134251602,0.03363327103329663,189.530824,189.530824,189.530824,6.1875,6.1875,6.1875,1.0,0.0
q18,selective-gate-cost,3,2.0,0.09223516839490338,0.10015856569085842,1.4085415574582096,0.03728614934057868,214.48714,273.7276357,280.309913,6.1875,6.1875,12.375,2.0,0.0
q19,selective-all,3,1.0,0.05454644847846291,0.05974136558297567,1.3093310278167698,0.02609542037333948,46.303835,46.303835,46.303835,7.25390625,7.25390625,7.25390625,1.0,100.0
q19,selective-base,3,473.0,0.05228660836809309,0.06715115295920093,1.3642859452293963,0.03233582004668188,41.4925785,211.97397715000005,483.843849,6.59375,8.03515625,173.78125,39.0,0.0
q19,selective-gate,3,0.0,0.0752961979260773,0.07287224279196607,1.4576100323539192,0.02826037746103475,0.0,0.0,0.0,0.0,0.0,0.0,0.0,0.0
q19,selective-gate-cost,3,0.0,0.05346143909091117,0.055836151203767614,1.3520429715000912,0.030405905469613324,0.0,0.0,0.0,0.0,0.0,0.0,0.0,0.0
q20,selective-all,3,0.0,0.15319907778179967,0.15319573461904465,2.0000186657707095,0.0005385205192478304,0.0,0.0,0.0,0.0,0.0,0.0,0.0,0.0
q20,selective-base,3,92.0,0.19532944716957584,0.19534921529908625,2.467848512309319,0.0005385205192478304,0.736136,6.259793,21.613702,1.1953125,1.19921875,7.17578125,6.0,0.0
q20,selective-gate,3,0.0,0.17530941201795106,0.17532057690841654,2.1931572109138155,0.0004974345523158796,0.0,0.0,0.0,0.0,0.0,0.0,0.0,0.0
q20,selective-gate-cost,3,0.0,0.15566048398822493,0.1556619794794758,2.1496997789903967,0.0004974345523158796,0.0,0.0,0.0,0.0,0.0,0.0,0.0,0.0
q21,selective-all,3,262.0,0.20792933328363467,0.23306338725863557,2.9649870629880724,0.16126219586890977,29.618492,202.18125494999992,594.850991,35.0546875,70.6171875,703.2109375,17.0,206.0
q21,selective-base,3,1010.0,0.21446891058189252,0.13310743905594175,2.899719350321101,0.15433992576116173,17.75047,183.77934714999995,597.1069,17.125,70.0703125,1403.80859375,29.0,0.0
q21,selective-gate,3,478.0,0.3175276896522717,0.26991367796887855,3.891629433142711,0.2003686251699162,23.569862,272.2605218999999,664.995317,35.94921875,70.66796875,957.30078125,19.0,0.0
q21,selective-gate-cost,3,461.0,0.16981577035282813,0.1736177624593931,2.35374860437601,0.20986668991416008,31.407367,294.656946,574.495817,36.546875,70.6953125,1062.40234375,19.0,0.0
q22,selective-all,3,344.0,0.47142093193106915,0.4672655531579112,5.855618767369625,0.16928108527484376,15.933386,140.17259580000018,483.569915,35.578125,71.33203125,581.69921875,14.0,300.0
q22,selective-base,3,1221.0,0.24379603321492457,0.16526438483391165,2.873558255931223,0.17355751113808535,13.5445775,126.046287,394.135731,22.078125,70.71484375,994.55078125,37.0,0.0
q22,selective-gate,3,545.0,0.48513650474108644,0.3601787038824877,6.415171541951386,0.19380875864260366,12.631428,117.66116734999993,406.791292,36.03515625,71.33203125,1111.3125,17.0,0.0
q22,selective-gate-cost,3,490.0,0.4291780847292933,0.32756136486757137,5.460119520998379,0.20360262567787843,14.7164795,129.79580464999992,346.171644,36.69921875,71.33203125,856.921875,14.0,0.0
q23,selective-all,3,555.0,0.15772562910910326,0.16062336605443261,2.1234900976652207,0.09530212483123077,25.926675,175.17066279999986,546.434468,43.58984375,78.625,949.71875,19.0,322.0
q23,selective-base,3,1419.0,0.23984418200195426,0.18972877820020806,3.010459070263477,0.12770648306422472,18.748936,133.45652189999976,580.243127,37.10546875,77.9765625,1349.8671875,30.0,0.0
q23,selective-gate,3,768.0,0.327801358533907,0.2539705447441814,3.909833354218214,0.12622966776475206,19.912615,144.54000674999997,455.299498,45.7734375,78.625,1262.3359375,25.0,0.0
q23,selective-gate-cost,3,752.0,0.2152209352506597,0.19306756705676575,2.981445431985669,0.13812075453925182,26.886399,178.13364994999992,438.931863,48.39453125,78.57421875,1032.87109375,21.0,0.0
q24,selective-all,3,382.0,0.035175779018586865,0.03814548629916782,1.2320361157413418,0.11057243349585552,104.276335,507.8182278,866.343271,149.16796875,258.578125,3085.078125,15.0,332.0
q24,selective-base,3,2371.0,0.0522727902040445,0.06023736414437886,1.1902187847792216,0.09866660962870558,105.821151,468.975679,1137.360961,116.453125,188.84375,4946.9296875,38.0,0.0
q24,selective-gate,3,407.0,0.03961606826776014,0.031127690333025832,1.1969120206123884,0.09331442463892248,108.596984,544.7112291,1307.724701,148.65234375,258.578125,3365.39453125,14.0,0.0
q24,selective-gate-cost,3,413.0,0.03573746310367204,0.038610668103598644,1.1857363025414422,0.09915990379685097,105.647937,585.2593997999996,1211.738169,148.34765625,258.491015625,2834.77734375,14.0,0.0
q25,selective-all,3,0.0,0.0945399373885883,0.09028424622927024,1.5718849367743843,0.0262974072367868,0.0,0.0,0.0,0.0,0.0,0.0,0.0,116.0
q25,selective-base,3,576.0,0.11896107095100608,0.07679929898259977,1.7689423940017952,0.05718247410251121,5.5479,27.57746625,76.060252,4.88671875,6.83984375,109.671875,28.0,0.0
q25,selective-gate,3,0.0,0.09795420446965071,0.09646144084717219,1.5765433413454224,0.031975259333628624,0.0,0.0,0.0,0.0,0.0,0.0,0.0,0.0
q25,selective-gate-cost,3,0.0,0.08864392314520327,0.08898193999082764,1.554383549003045,0.03323522622164283,0.0,0.0,0.0,0.0,0.0,0.0,0.0,0.0
q26,selective-all,3,1.0,0.11559317293127915,0.1122732632665999,1.740602850490008,0.03887950211367128,5.578072,5.578072,5.578072,4.859375,4.859375,4.91796875,1.0,108.0
q26,selective-base,3,658.0,0.16585735579960087,0.0792920642013594,2.0799501561466394,0.08856864917384098,5.7753755,29.058585899999994,74.883067,3.701171875,5.64453125,121.0859375,31.0,0.0
q26,selective-gate,3,0.0,0.11817006222256317,0.11238329450061739,1.7504800938277334,0.03940724551036133,0.0,0.0,0.0,0.0,0.0,0.0,0.0,0.0
q26,selective-gate-cost,3,1.0,0.1417601970597131,0.1287759758383721,1.7833475275456432,0.03844831762177887,5.0013865,7.49966995,7.518423,4.9921875,4.9921875,4.9921875,1.0,0.0
q27,selective-all,3,0.0,0.08049184801135549,0.08270556185008054,1.545409220510104,0.030976449744638323,0.0,0.0,0.0,0.0,0.0,0.0,0.0,106.0
q27,selective-base,3,545.0,0.10706423714728357,0.0685009694274468,1.5950563084558123,0.05668420491800099,6.5536955,37.40907619999998,81.086788,5.609375,6.83984375,116.90234375,35.0,0.0
q27,selective-gate,3,4.0,0.108360865709086,0.10454602147125805,1.6561261347068261,0.03479158208400623,5.588339,12.791700599999995,15.537403,6.19140625,6.19140625,18.57421875,3.0,0.0
q27,selective-gate-cost,3,0.0,0.09073354129245162,0.08524042571328025,1.639782849228271,0.0362401341815782,0.0,0.0,0.0,0.0,0.0,0.0,0.0,0.0
q28,selective-all,3,274.0,0.1801936257977451,0.19283744267355082,2.3068039181299227,0.15757156848989673,16.9503305,132.2787418999997,480.4766,35.65625,71.29296875,641.58203125,12.0,222.0
q28,selective-base,3,1161.0,0.26750272307820394,0.22110134152161143,3.325770212386553,0.1957042552620802,11.277356,66.43478,383.340525,17.73046875,70.671875,1131.140625,27.0,0.0
q28,selective-gate,3,470.0,0.23555567607655836,0.17182882902579238,2.589796439920887,0.2106110654276714,14.454818,148.94001564999994,503.956379,35.65625,71.2373046875,787.69921875,13.0,0.0
q28,selective-gate-cost,3,485.0,0.18567361878510683,0.13177327793351637,2.585895258301515,0.2056237857316519,14.492171,145.49524964999998,493.588068,36.37109375,71.29296875,690.921875,17.0,0.0
q29,selective-all,3,48.0,0.06424787288969969,0.062152353447496256,1.6019377064801386,0.14925687581575475,241.799598,524.1744504999999,668.877538,14.640625,22.7578125,223.51171875,20.0,98.0
q29,selective-base,3,523.0,0.07160959806478566,0.07130377630690397,1.6320294518738916,0.15429773587402987,191.170478,682.23827525,1241.416914,14.9140625,17.51953125,717.98046875,69.0,0.0
q29,selective-gate,3,54.0,0.06521716476102823,0.06453711383769807,1.6060904123462616,0.16360283062507336,280.4181805,797.930850649999,1251.203066,22.609375,22.7578125,227.578125,18.0,0.0
q29,selective-gate-cost,3,52.0,0.06646650392511115,0.06390987917567988,1.618422291128245,0.15657481922535998,299.542858,1124.3123341499986,1315.964678,22.609375,22.7578125,249.9921875,18.0,0.0
q30,selective-all,3,0.0,0.1754920604097924,0.17555801797634094,2.031822159985997,0.0020815436695489843,0.0,0.0,0.0,0.0,0.0,0.0,0.0,0.0
q30,selective-base,3,148.0,0.2498279842085015,0.24974840855974434,2.072616048938467,0.0021620893351292606,4.265917,33.80428830000001,40.09904,0.6015625,0.6015625,14.36328125,24.0,0.0
q30,selective-gate,3,0.0,0.21282933201649892,0.21277268808960184,2.039037756663464,0.00208266534201001,0.0,0.0,0.0,0.0,0.0,0.0,0.0,0.0
q30,selective-gate-cost,3,0.0,0.19794747558436862,0.19802337446861543,2.149350424389399,0.0018354337311210034,0.0,0.0,0.0,0.0,0.0,0.0,0.0,0.0
q31,selective-all,3,0.0,0.06278056320117262,0.06943682141320086,1.3855773465762034,0.02871411054262477,0.0,0.0,0.0,0.0,0.0,0.0,0.0,110.0
q31,selective-base,3,571.0,0.06799474613162258,0.08630249195236195,1.3510475542900855,0.03853600417289357,16.582942,124.76311859999983,297.721413,6.7734375,8.0546875,174.3046875,41.0,0.0
q31,selective-gate,3,0.0,0.07383374709869714,0.0755735717436575,1.421459867623753,0.02959351294076702,0.0,0.0,0.0,0.0,0.0,0.0,0.0,0.0
q31,selective-gate-cost,3,0.0,0.06422919623446519,0.07107872437370939,1.3146116739999192,0.027900905874783548,0.0,0.0,0.0,0.0,0.0,0.0,0.0,0.0
q32,selective-all,3,0.0,0.24899629383653765,0.25216167483165686,2.098116498476663,0.030616408704862024,0.0,0.0,0.0,0.0,0.0,0.0,0.0,104.0
q32,selective-base,3,560.0,0.08111618793997223,0.10422150249363732,1.406977331710342,0.04007584260192889,27.865462,226.26550885,391.487249,7.224609375,8.64453125,238.1875,47.0,0.0
q32,selective-gate,3,0.0,0.25177177174280374,0.25194373771272077,1.938415896552123,0.026458358726107214,0.0,0.0,0.0,0.0,0.0,0.0,0.0,0.0
q32,selective-gate-cost,3,0.0,0.16933879001238014,0.17244578518515608,1.9116684239594317,0.026033489267743348,0.0,0.0,0.0,0.0,0.0,0.0,0.0,0.0
q33,selective-all,3,0.0,0.07640961814352334,0.07640489198690913,1.451272496925886,0.0005535971803382433,0.0,0.0,0.0,0.0,0.0,0.0,0.0,0.0
q33,selective-base,3,78.0,0.10328094752155081,0.10329944998492248,1.5276179654805437,0.0006058091756572162,147.7816215,358.9774656999999,547.290445,2.99609375,3.0,227.71875,76.0,0.0
q33,selective-gate,3,0.0,0.07727061773921666,0.07727466927602311,1.5161170897525431,0.0005770146050600579,0.0,0.0,0.0,0.0,0.0,0.0,0.0,0.0
q33,selective-gate-cost,3,0.0,0.10159749922893069,0.10159704941197234,1.5114337705663812,0.0005458011747925896,0.0,0.0,0.0,0.0,0.0,0.0,0.0,0.0
q34,selective-all,3,197.0,0.05794027297602758,0.08916181414463537,1.4331410981219614,0.1049272937990768,169.848189,940.5142657999997,1449.565208,36.73046875,71.23046875,920.4765625,17.0,168.0
q34,selective-base,3,842.0,0.07932959984918889,0.1303201342937604,1.5670881319937924,0.1466090607702679,110.729367,649.585605,1633.443026,24.484375,70.55859375,1410.4140625,52.0,0.0
q34,selective-gate,3,324.0,0.05457255460344869,0.10648096449967595,1.3324399363722073,0.11472679950746716,166.6251355,1024.0021753499993,1853.246218,37.1328125,70.6953125,1687.5625,25.0,0.0
q34,selective-gate-cost,3,380.0,0.06256566675013206,0.12569630283693708,1.4904160718865018,0.134831933574951,192.13453,1101.3145425499995,1821.093767,36.73046875,71.23046875,1901.8671875,27.0,0.0
q35,selective-all,3,207.0,0.04848498838101269,0.08368496775481843,1.3525034277193626,0.10958326591662788,149.530639,753.100242,1640.69379,35.0546875,70.6953125,848.6328125,20.0,182.0
q35,selective-base,3,834.0,0.06505743061402476,0.12517809578381714,1.4068366429680477,0.12869247489754596,104.7142205,741.6497202999989,1441.587072,24.484375,70.55859375,1831.44921875,46.0,0.0
q35,selective-gate,3,348.0,0.05909065329701835,0.10042785666602294,1.3680767532568967,0.13619188116252337,164.8004865,922.8490667499996,1595.768515,36.73046875,70.95703125,1487.109375,22.0,0.0
q35,selective-gate-cost,3,376.0,0.0646381594686622,0.10279302627124079,1.4353668014057177,0.11826870873712622,156.5877965,884.8683384499999,1454.941709,36.546875,70.95703125,2185.01953125,31.0,0.0
q36,selective-all,3,0.0,0.046591633867035485,0.046604034537325735,1.4306465394474508,0.002282855995970545,0.0,0.0,0.0,0.0,0.0,0.0,0.0,0.0
q36,selective-base,3,82.0,0.0430222166501635,0.04305034865748767,1.2879473316414727,0.0020815436695489843,95.436516,144.05686825,278.160517,0.6015625,0.6015625,43.23828125,72.0,0.0
q36,selective-gate,3,0.0,0.04428270317483948,0.04430796543265387,1.2987387252516935,0.0022822409195874193,0.0,0.0,0.0,0.0,0.0,0.0,0.0,0.0
q36,selective-gate-cost,3,0.0,0.03666173971272983,0.03667717060720469,1.2210996902281048,0.002425222312045271,0.0,0.0,0.0,0.0,0.0,0.0,0.0,0.0
q37,selective-all,3,281.0,0.38709099276073305,0.43743686765474366,4.929969853595684,0.12640678439418568,15.833602,720.1193487999999,994.128487,37.26953125,73.01171875,950.80859375,36.0,212.0
q37,selective-base,3,1155.0,0.29005356185830833,0.17692682268649232,3.398069032632178,0.20583611984725714,8.328869,357.4396076999998,862.017355,19.3984375,72.46484375,1308.54296875,61.0,0.0
q37,selective-gate,3,508.0,0.2549170552343562,0.15772448814358617,2.7378203557950718,0.230000802567692,9.640851,725.1516892,1401.075937,37.453125,73.07734375,1502.36328125,55.0,0.0
q37,selective-gate-cost,3,555.0,0.21793549880728447,0.14328644687958106,2.2877499530425864,0.2516231179038842,10.106837,259.72195549999975,872.985361,37.7109375,73.0609375,1072.81640625,29.0,0.0
q38,selective-all,3,147.0,0.16783003999965146,0.15626367127690782,1.98555710196686,0.04804234691509616,11.610431,77.96679819999997,343.456882,26.44921875,34.803125,243.9140625,11.0,136.0
q38,selective-base,3,827.0,0.21763341691224766,0.15788693325100164,2.464649741387112,0.09664148079277321,9.531479,39.28443949999998,167.637085,25.8359375,33.3671875,564.00390625,20.0,0.0
q38,selective-gate,3,286.0,0.2701601664396818,0.23265252473511866,3.462236383126151,0.06530831717729693,10.3978285,60.25725919999999,219.290435,26.51953125,34.796875,408.29296875,16.0,0.0
q38,selective-gate-cost,3,223.0,0.16870457846699527,0.1633251660439421,1.9902248578220838,0.05667612651083588,11.753899,137.45736409999958,209.227729,26.51953125,34.796875,306.28125,10.0,0.0
q39,selective-all,3,279.0,0.49071214290784426,0.5641336412027905,6.188922157103324,0.12614943711591087,12.465417,345.2334985,569.678695,37.8671875,73.55859375,514.91015625,16.0,262.0
q39,selective-base,3,1226.0,0.29455697297418726,0.19292525446035763,3.9051786259541985,0.25327205215271004,7.346691,76.25752939999987,421.689766,20.02734375,73.0703125,1187.1875,30.0,0.0
q39,selective-gate,3,549.0,0.7749530131939358,0.7446994907631995,11.64135989942218,0.25960634925729964,8.664263,157.85909864999965,454.640318,38.181640625,73.61328125,1032.4375,16.0,0.0
q39,selective-gate-cost,3,578.0,0.6051683654238965,0.6281164975326283,7.949657550242976,0.2232532931549511,8.712102,177.58606959999955,484.315094,38.30859375,73.61328125,999.2890625,21.0,0.0
q40,selective-all,3,426.0,0.4182965816400478,0.4307086587595712,6.168512354098622,0.12170343175223483,13.855966,1069.351746,1784.787525,37.5390625,87.65625,1960.83203125,50.0,286.0
q40,selective-base,3,1241.0,0.4145672378804833,0.3579898577910413,5.119509330175526,0.16752046343374363,11.70511,365.77005,1388.619589,34.890625,87.390625,1884.70703125,52.0,0.0
q40,selective-gate,3,640.0,0.4233809621423414,0.40100201034993266,5.611041010739512,0.1592528496484552,13.0165335,1245.198112000001,1914.621917,50.46484375,87.8359375,2260.4296875,57.0,0.0
q40,selective-gate-cost,3,657.0,0.376962572717667,0.34311909432531584,5.048378491998625,0.15351288993645437,13.462336,797.6866355999999,2031.752296,50.24609375,87.65625,2022.85546875,46.0,0.0
q41,selective-all,3,0.0,0.14770736613603708,0.1477006794928725,1.9884069785628635,0.0006285167564700114,0.0,0.0,0.0,0.0,0.0,0.0,0.0,0.0
q41,selective-base,3,74.0,0.20187594964179006,0.20186281527662853,1.8627791677069905,0.0006458965203199162,1.4972735,11.09701839999992,39.368706,4.79296875,4.796875,57.53125,12.0,0.0
q41,selective-gate,3,0.0,0.16844750101328024,0.16846583423557282,2.083125892478098,0.0006119375683290802,0.0,0.0,0.0,0.0,0.0,0.0,0.0,0.0
q41,selective-gate-cost,3,0.0,0.15094632365302332,0.15093499286220044,1.918631600400017,0.0005844724172989888,0.0,0.0,0.0,0.0,0.0,0.0,0.0,0.0
q42,selective-all,3,0.0,0.20987308456458786,0.20987216509959997,1.9092672764879821,0.000682648741753815,0.0,0.0,0.0,0.0,0.0,0.0,0.0,0.0
q42,selective-base,3,74.0,0.20186537842862307,0.20183560107989187,2.0454951546110025,0.0006926736786651225,2.3542745,9.141249899999956,32.172374,4.80078125,4.8046875,62.328125,13.0,0.0
q42,selective-gate,3,0.0,0.16059975430620982,0.16058631282642832,1.8659477877336936,0.0006806194460993898,0.0,0.0,0.0,0.0,0.0,0.0,0.0,0.0
q42,selective-gate-cost,3,0.0,0.2026782023385987,0.20265043722388376,1.8641832543126204,0.0007060793501784838,0.0,0.0,0.0,0.0,0.0,0.0,0.0,0.0
q43,selective-all,3,0.0,0.18417266513529815,0.18417047050770993,2.3476889047913345,0.0008342798466341821,0.0,0.0,0.0,0.0,0.0,0.0,0.0,0.0
q43,selective-base,3,74.0,0.1782419896979515,0.17822605412000653,1.9684861737758463,0.0008342798466341821,1.390068,4.781150399999996,39.820498,3.59765625,3.6015625,35.94921875,10.0,0.0
q43,selective-gate,3,0.0,0.16867238221607175,0.16866136271665036,2.154512107617304,0.0008529822771123404,0.0,0.0,0.0,0.0,0.0,0.0,0.0,0.0
q43,selective-gate-cost,3,0.0,0.18555826185732838,0.18553741752213015,2.1867931937172775,0.0008499421472413658,0.0,0.0,0.0,0.0,0.0,0.0,0.0,0.0
